,user_name,rating,date,content
0,Han Jinsu,5,2022년 9월 6일,"정말 잘 사용하고 있습니다. 특히 키워드 알림을 너무 잘 사용하고 있는데요. 특정 단어들은 동작하지 않아서 글을 남깁니다. 스퀘어가든,전천당을 구할려고 검색을 하면 나오나 키워드 알림 등록으로 하면 알림이 안옵니다. 물론 갤럭시 모빌 유모차등 다른 단어들은 잘옵니다. 자동으로 필터링되는건지 이 부분만 불편하네요"
1,조태희,3,2022년 9월 29일,"소리모드인 경우에만 당근알림 정상 작동. 진동모드에서 당근진동알림 작동안됨. 블루투스 이어폰으로 교보문고 앱 TTS 읽어주기 기능 이용시 당근알림 안됨. 확인부탁합니다. 당근앱 알림/진동허용. 앱 절전모드 진입해제, 재로그인 등 당근 알림 안됨 조치 방법 모두 시도했으나 동일. 예전버전에서는 블루투스 TTS기능 사용중에도 당근알림이 잘 왔으나 몇 개월 전부터 작동안됨. 휴대폰 살정은 그대로이나 당근 업데이트 후 작동 안되는 것으로 보임."
2,이민현,4,2022년 9월 10일,잘 쓰고 있습니다 사용하면서 불편한 점이 있었는데 개선될 수 있으면 좋겠습니다! (1) 근처 동네 4개가 아니라 저희 동 1개만 볼 수 있었으면 좋겠어요. 옆 동네까지 가려면 버스 타고 30분이 걸립니다. 판매자 정보에 xx x동이 아니라 xx동이라고만 뜨면 거래가 꺼려지네요 (2) 관심목록 폴더 기능이 생겼으면 좋겠어요. 관심목록이 많아지니까 보기 너무너무너무 불편해요. 관심 누른 목록 최근순/최신 끌올된 순으로 볼 수 있는 정도로라도요
3,유붕동,3,2022년 10월 16일,갑자기 어제부턴가 홈 화면에서 물품 리스트가 시간순이 아닌 뒤죽박죽 랜덤으로 정렬됩니다. 몇 번 새로고침을 해도 시간은 몇 초전부터 몇일전까지 완전 뒤죽박죽이고 특정 물품이 계속 최상단에 고정되기도 해요 이미 거래완료 된 물품도 리스트에 섞여나오니 보기가 불편합니다 다른 사람 폰에서도 그러네요
4,정서연,4,2022년 10월 18일,다 좋은데 기능을 추가하거나 보완했으면 좋겠습니다 몇몇 글은 정확히 단어를 썼는데 검색이 안됩니다 판매글 올릴때 최신순으로 정렬해도 제 글이 검색 결과에 안 떠요... 티/티셔츠도 별 차이가 없는 것 같지만 결과가 다르게 나와요 그리고 임시글 저장이 자꾸 날라갑니다 ㅠㅠ 다 쓰고 임시저장까지 했는데 1분만에 지워지네요 단순오류라기엔 몇번씩 겪으니까 좀 귀찮습니다 임시글 예약기능이 있으면 좋겠어요... 나머지는 만족스러워요 감사합니다
5,lala la,3,2022년 10월 12일,"저 진짜 당근 너무 재밌는데 하면 할수록 느끼는 점은, 구매자 고객이 아닌 판매자 입장에서만 너무 운영되고 있다는 것입니다. 어느정도 둘이 수평을 이뤄야함에도요. 일단, 구매자는 마음에 드는 물품을 위해 시간을 들여 판매자가 있는 곳이 좀 멀더라도 찾아갑니다. 그런데 막상 실물을 보면 아무래도 새상품이 아니어서 실망할 때가 좀 많습니다. 사진 상에서는 좋아보였어도요. 그때, 시간을 들여갔음에도 가격은 중고인 것치고는 높은데 비용을 지불했음에도 감사합니다 한번을 받은 적이 없네요. 엄연히 고객 아닌가요? 솔직히 어차피 버릴 물건인데 알뜰매장에서는 버릴 물건 파는거니까 다 몇천원대였습니다. 근데 당근은 이걸로 장사를 하려는 속이 보이는 판매자들이 너무 많네요 ㅠ 환경과 나눔이라는 선한 목적이 흐려지는 것 같습니다. 어차피 버릴거 사주는건데 비용도 전반적으로 높은 편이고 찾으러가는 것도 구매자니 비용, 거리와 시간 두가지 다 판매자 위주입니다."
6,헷까꿍,4,2022년 10월 16일,요새 애용하는 앱인데요. 사용하지 않은 물건을 팔아서 소소하게 용돈으로 잘 쓰고 있습니다.그리고 앱 내에서 옷과 관련하여 많은 거래가 이루어지고 있는데요. 근데 이러한 물품거래량과는 다르게 거래하는 것이 조금 불편합니다. 옷을 거래할때 마음에 드는 물건이 있을 때 옷의 사이즈를 기제를 안해주셔서 불가피하게 채팅을 해드리고 구매까지 이어지지 못하는 경우가 흔한것 같습니다. 저도 얼마 전에도 이러한 상황을 겪었습니다. 그래서 의류에 대한 카테고리를 선택하였을때 의류의 사이즈나 상태를 따로 표시할 수 있게 하면 어떨까요? 만약에 따로 표시하게 된다면 검색시에도 자신의 사이즈의 물품을 바로 확인할수 있을 것이고 이미 있는 검색범위설정 기능을 활용하여 자신의 사이즈 옷의 물건만 찾을 수있을것 같다고 생각합니다. 긴글 읽어주셔서 감사합니다.
7,재희,4,2022년 10월 11일,"당근마켓을 이용할 때, 채팅에 주소나 개인정보를 보내고 나서 찝찝하다고 가끔 느낄 때가 있어요. 그럴때 삭제 버튼이 있었으면 좋겠어요. 알고보니 삭제기능이 있기는 하더라고요.. 5분이내이면 삭제가 가능한데 그 이후는 고객센터를 이용해야 한다고...근데 저도 사용한지 몇년 지난 후 처음으로 고객센터에 문의글 남기고 나서 알았습니다;; 그리고 당근알람이 핸드폰은 소리인데 블루투스 이어폰을 연결해놓으면 울리질 않네요.. 그거 외에는 유용하게 쓰고 있습니다."
8,mm tta,4,2022년 10월 7일,기기바꾸고 당근 보는데 화면 밑으로 내리면 새로고침 되면서 막 올린 것들이 바로바로 떠야하는데 한참전에 본게 계속 올라오고 그러네요. 1초전 10초전 방금 올린게 새로고침하면 떠야하는데 그렇게 안떠요. 아까봤던것들만 계속 새로고침하면 위로 보이고 그런데 뭐가 문제인가요?
9,SUN 0420,4,2022년 10월 18일,키워드 알림을 이용해서 원하는 물건 싸게 겟하려고 하는데 일부 물건은 이게 너무 자주 울리거든요. 제가 고려하는 예산 안에 맞는 제품만 알림을 받을 수 있도록 설정 기능을 추가해주시면 더욱 좋을 것 같아요.
10,Cho howon (꿀꿀이비엔나),5,2022년 9월 16일,"애용하는 앱이라 우선 평점은 5점 달았는데요. 이번에 업데이트 되면서 나의 당근 메뉴가 인터페이스가 달라졌어요,그라서 고객센터에 문의를 했는데요. 알람이 계속 떠 있는데 이게 어디 무슨 알람인지 알수가 없구요. 고객센터에 문의한 내역도 결과도 알수가 없네요. 같은 버전인데 다른 폰에 설치하면 기존 인터페이스가 같은데 제폰(노트10)만 화면이 바뀌었어요ㅠ너무 답답하네요ㅠ"
11,Laito Yagami,3,2022년 8월 3일,터치민감도 너무 심해요 브라우징 불가능할 정도에요. 대부분 쇼핑앱이 그렇기는하지만 살짝 스처만 가도 페이지로 들어가버리네요. 아래위로 스크롤이 불가능할 정도에요. 조회수 늘릴려고 이렇게 설정한거 같은데 좀 심해요. 폰에서 민감도 설정 바꾸라 하지마세요. 당근 11번가 등등 몇몇 쇼핑앱 빼고 다 정상이니까
12,김서진,3,2022년 9월 6일,"며칠전까지 잘 오던 알림소리가 오지 않습니다. 다른분이 남기신 같은 리뷰글에 달아주신 답변보고 앱 삭제후 재설치, 설정 모두 다 확인해봤는데 모두 제대로 되있는데 갑자기 알림소리가 안납니다. 그래서 채팅을 계속 뒤늦게 확인하게 됩니다. 뭐 만진게 없는데 갑자기 왜 이러는건가요? 해보라는 방법대로 다 해봤는데 여전히 알림이 안오면 해결 방법 없는건가요??;;"
13,김민준,3,2022년 9월 6일,"원인이 뭔지 모르겠는데 대략 한달전부터 알림이 울리지 않네요 설정을 다 바꾸고 해봐도 안되고 어플을 지웠다가 다시 설치하면 다시 돌아왔다가 또 어느 순간 다시 같은 증상이 반복되네요 기기가 소리, 진동 모드인데도 당근에서 발생하는 알림만 무음으로 표시되네요 기기는 lg g8이고 안드로이드12입니다"
14,유효,3,2022년 9월 27일,잘 사용하고 있었는데 키워드알림 등록 카테고리가 나의알림 메뉴에서 갑작이 없어졌어요 홈화면>우측상단 종모양> 키워드알림 선택> 상단 우측 설정버튼 찾아서 변경하는 방법 뿐인없군요;; 키워드알림 자주 변경하는데 한동안 못 찾아서 아주 불편했어요 업데이트됐는데 키워드알림 설정 메뉴는 아직 따로 안보이네요 이렇게 고정인건지. . .
15,Google 사용자,1,2022년 9월 26일,"백그라운드상태에서 당근마켓 알림이 전혀들어오지않습니다. 기기초기화,앱재설치해도 동일합니다. 당근마켓앱을실행해놓은상태 또는 플립화면을 펼친상태로 당근마켓앱을 실행해야지 알림이옵니다. 앱모두닫기하면 즉시 알림안옴. 개선해주세요"
16,레나rana _diary,4,2022년 9월 7일,정말 잘 사용하고 있는 앱입니다. 다만 번개장터처럼 자신의 게시글을 찜한 사람에게 먼저 연락할수있는 기능이 생겼으면 좋겠습니다. 진짜 소원이예요.. 찜을 한사람은 많은데 연락을 안주시니까 게시글을 내려야하나 말아햐하나 엄청 고민되구요..급하게 팔아야하는데 찜해놓고 연락을 안주시니 되게 곤란합니다 😭 이러한 이유때문에 답답한것만 빼면 너무 좋은앱이예요ㅠㅠ 진짜 이기는 만들어주시면 평생 이앱 사용할게요. 글구 한게시물당 등록 가능한 사진을 조금 늘려주셨으면 해요. 여러개 묶어서 팔때 등록을 못해서 따로따로 올려야 하는 경우가 종종 있어요. 이정도만 해주셔도 진짜 너무 감사할거 같습니다ㅠㅠ
17,루비,5,2022년 8월 12일,너무 좋아요 진짜 잘 사용하고 있어요.. 운영정책 너무나도 깐깐하고 사용하기에 속 터지는 번개장터보다 사용하기 편리하고 운영정책이 자세하게 적혀있어서 너무 좋아요 다만 딱 하나 아쉬운 점은 동네에서만 거래할 수 있다는 점이에요..전국적으로 판매할 수 있는 기능을 만들면 어떨까요? 그러면 진짜 너무 좋을 것 같아요ㅠㅠ
18,- good,1,2022년 9월 13일,번호도용이 있었습니다. 고객센터 연결이 정말 어려웠고 돌아오는 답변은 다른 구매자분이 번호를 잘못 기입하셨을 수 있다. 외에는 별 대안이 없더군요. 그게 사실일수 있으나 제 입장에서는 문의한적도 없는 처음보는 번호의 판매자분이 구매의사를 묻는것도 당황스러웠고 그 분도 벙찌시더군요. 같은 일이 자주 발생할 수 있는 어플특성상 이에 관하여 잘못기입을 한 아이디에 직접 연락을 취해주시거나 찝찝한 마음이 남지 않도록 도용인지 실수인지 확실한 피드백 주시기를 개선 바랍니다.
19,해랑,5,2022년 9월 12일,당근마켓 잘 이용하고 있는데 사용할때 불편함이 별로 없는거 같아요. 음 그래도 하나만 얘기하자면 가격제안 거절이 있었으면 좋겠어요. 수락은 있는데 거절이 없어서 불편한거 같아요 거절을 누르면 대화창으로 넘어가는데 대화를 안해도 된다고 생각하는 때가 있어서 거절하기를 만들어 주셨으면 좋겠습니다
20,Rona,5,2022년 8월 24일,"진짜 너무 좋아요!! 아직 거래하는것은 못해봤지만 검색해도 다 나오고, 포카 거래 등등 제가 커서 해보고 싶은것들이 많이 나와요!! 글구 아무리 중고라 해도 어떤분들은 무료로 해주시니깐 너무 좋고요, 제가 사고 싶은것들이 나오니까 좋은거 같아요! 새거래가 아니라 중고 거래라 어색하지만 만나고 그러는게 온라인 택배보단 더 빠르고 좋은거 같아요!!"
21,열매,1,2022년 9월 25일,고객센터가해킹한거같음.거의 반년이상 물건은 일체 사질 않다가 9월 12일 오후 오랜만에 거래약속잡고 물건을 구매했는데 (그날 이후 오늘까지 잡화물건 계속 많이 샀음)근데 오늘 보니 9월 13일에 데이터소진 경고 문자가 왔더라고요. 제가 당근마켓 쓰는 폰이 1G짜리 요금이거든요. 개통 후 한 번도 데이터 소진된 일이 없어요. 와이파이에서만 사용가능하도록 설정해두고 변경한 적이 없기때문이죠. 오늘 114에서온 문자를 보고 혹시나해서 당근마켓 구입시작한 채팅 보니 12일 오후 4시 전후..그때부터 모바일데이터로 설정했다면 대략 13일오후6시에 데이터소진 문자 온 게 맞을거 같음. 답변요망.
22,조은지,5,2022년 8월 29일,"물건을 정리하다보면 버리기는 아깝고 주자니 누가 필요한지 모르니까 계속 집 한쪽 구석에 나두게 되었는데...당근마켓을 이용하면서부터는 잘 안쓰는 물건을 버리는게 아니라 필요한분께 나눔을 할 수도 있고, 저렴하게 팔수도 있어서 집에 물건들이 정리가 되어가는것 같아 참 마음이 가벼지는 느낌입니다. 그리고 당근마켓 덕분에 재사용되는 물건들이 많아지게 되에 환경쓰레기도 줄이는 역활도 톡톡히 하고 있으니 참 생각할수록 이 당근마켓 앱을 만드신분께 감사한 마음이 들었습니다. 이 당근마켓 앱은 다른나라에서도 이용하면 좋겠다는 생각이 듭니다. 많은 물건들이 재사용되어 환경을 살리는데도 큰 도움이 될거라고 생각해요. 어쨌든 감사한 마음으로 앞으로도 당근마켓을 잘 이용하겠습니다. 감사합니다~~♡"
23,송은영,4,2022년 8월 26일,최고에요~! 그치만 사용하면서 딱하나 아쉬운게? 쬐끔 개발됐으면 하는게 있는데 제가 평소 관심있는 물품을 기반으로 ai가 물건을 자동추천해주는 기능(동네 안에서)이 있었으면 좋겠어요~~ 동네안에 있는 물건이 그냥 선착순으로 올라오니까 정작 제가 필요한 물건을 찾으려고 하면 시간이 너무 많이 걸리는거같아요! 쪼금 더 스마트한 당근🥕원해요😍💕💕
24,김시우,3,2022년 8월 19일,"다 좋은 것 같은데, 회원가입 할 때 인증 번호가 너무 안 와요.. 그래서 아직 들어가지도 못 하고 있어요 ㅠㅠ 저만 늦게 오는 건가요 | 리뷰 수정 부분: 지우고 다시 깔았는데 계속 인증문자가 안 오네요.. 저희 오빠랑 아빠는 잘 되던데.. ㅠㅠ, 왼쪽 위에 있는 돌아가기 버튼도 가입단계 진행 중에는 돌아갈 수 없다면서 막아놔요.."
25,Sung Hun Lee,4,2022년 9월 29일,나눔도하고 때론 나눔도받고 필요한 물건들이 올라오면 친절한 당근이웃도 만나서 저렴히 구매하고 매너점수 올라가는게 왜이리 신기한지 정말 유용하게 잘이용하고 있습니다 그런데 요몇일 알림이 안울려서 꽤당황했었네여..덕분에 휴대폰서비스센터 위치도 알게되었지만 전화문제가 아니고 앱문제라서 업뎃되면 될꺼라하여 당근에 문의주니 하루만에 업데이트하여 개선해주셔서 이렇게 알림소리도 잘울리니 뭔가 뻥뚤린기분이네여 앞으로도 중고거래는 당근과함께 쭉이어갈것입니다.
26,김유경,5,2022년 8월 12일,일단 광고 자체가 없구요 사람들과 소통하고 비움을 실천할수 있는 좋은 앱 같아요 청소년 들도 쉽고 간단하게 사용할 수 있고요 필요없는 물건을 버리긴 아깝고 공짜로 주긴 싫을 때 이 앱을 사용하시면 분명 만족하실 수 있으실겁니다 제 생각에는 함부로 물건을 쓰레기로 만들지 않으니까 환경에도 좋은 것 같습니다 채팅과 통화 기능도 있어서 편리하구요 고민고민하지 마시고 설치 버튼!
27,Ys B,1,2022년 8월 13일,게시글 둘러보기만 하려고 설치했는데 동네 설정단계에서 휴대전화 인증을 요구하고 단계를 되돌리는것을 강제로 막아놓는 앱입니다 뒤로가기 아이콘이 있어서 원하지 않으면 되돌아갈 수 있는 것처럼 해놓고 막상 누르면 되돌아가기를 거부하며 휴대전화 인증을 강요하는 이런 앱은 처음 봅니다 다시 확인해보니 휴대전화 인증절차가 가입단계에 포함된 것으로 보이고 아예 정상적인 방법으로는 앱을 끄지 못하게 되어있습니다 대단합니다
28,건이현이불꽃쇼,5,2022년 9월 22일,업데이트하면서 판매내역 구매내역 관심목록 등등 위치가 변경되어 불편해도 이숙하겠죠 그리고 혹시 동영상 추가언제할까요. ?? 추가해주신다고하더니 안해주시네요. 동영상보내기없어 전번받고 문자로 영상 보내고 넘불편해요. 그리고 이모티콘 누르 면자동으로 전송되는데 누르고보내기 변경 하면안될까요. 이모티콘 실수많이해요. ㅜ 그리고 내 물건 팔기 에서 카테고리 선택 누를때 물물교환 추가해주시면안될까요. 물물교환 불법은아니잖아요. 아닌가요. ? 그래도 당근마켓이용 좋아요.
29,김학연,5,2022년 9월 13일,잘쓰고있는데요 소리가 나지 않네요..설정에서 알림소리 지정했구요..설정에서 소리설정할때는 당근당근 하는데 정작 메시지가 왔을때는 무음이구요..핸드폰 어플리케이션 관리에서도 알림 전부다 허용으로 해놨는데도 소리가 안나네요..앱을 지웠다가 다시 깔았는데도 안되요ㅠㅠ원래는 소리가 났는데 갑자기 이러네요..어떻게해야하나요..ㅠㅠ
30,agen nar,5,2022년 5월 25일,"채팅올 때 ""당근~!""하고 울리는 알림음을 다른 걸로 바꿀 수는 없을까요? 폰의 순정 알림음으로 바꾸고 싶은데요. 채팅이 왔을 때 폰에 상단바를 내려서 알림창을 길게 누른 후 설정에 들어가서 메시지 알림음을 다른 걸로 바꿔도 여전히 ""당근~!""하고 울리네요. 공공장소나 어려운 자리에 있을 때 ""당근~!""하고 울리면 민망해서요ㅠㅠ"
31,민촠,4,2022년 9월 4일,최고의 중고거래 앱이에요!동네 근처에서 필요한 물건들을 저렴하게 구매할수 있어요!당근하면서 사람들의 따뜻한 마음과 정을 느낄수 있어서 너무 좋아요~~내겐 필요없지만 남에게 필요한 물건으로 조금씩 들어오는 수입도 짭짤하니 좋아용!강추합니다~ +몇달간 당근앱을 지우고 접속안하다가 얼마전 들어가보니 매너온도가 56정도였는데 50으로 줄어들었네요. 오랫동안 거래 안했다 해서 매너온도 떨어지는건 아닌것 같아요...유일한 아쉬운 점입니다.
32,그럼에도불구하고,4,2022년 8월 23일,"생활하는데 도움이 많이 되는 어플입니다. 동네 가게 정보와 후기들을 쉽게 접할 수 있고, 일상생활에 올라오는 소소한 이야기들 보는 재미도 있어요. 젤 중요한건 소비습관의 변화입니다. 새물건을 살까 싶다가도 당근을 한번 더 접속하는 습관이 생겼어요. 아마 당근같은 중고시장이 더 발전하고 커져야 환경에도 좋은 영향을 미치지 않을까 싶어요. 마음은 오점만점에 십점을 드리고싶은데 딱 하나 아쉬운점ㅠ 키워드 제외 설정이 있으면 더욱더 만족스럽게 이용할거 같아요♥"
33,병환이,5,2022년 9월 14일,"당근마켓 사용 잘하고있습니다. 캠핑용품, 아기용품 등등 그런데 궁금한게 있어서 글을 올립니다. 아기가 태어난지 100일 조금넘었고, 사용하던 유축기를 판매하려고 올렸는데 숨김게시글이라고 나오네요. 왜 그런걸까요? 제가 업자도 아니고, 이제 필요없어서 저렴한 가격에 다른분이 사용하실수 있도로 하려던건데 이유를 모르겄어요. 왜 숨김처리가 되는지 알려주실수 있을까요?"
34,유덕영,5,2022년 9월 25일,"다른 시이트와 다름이 확 느껴지는 사이트다. 버리기엔 멀쩡하고 아깝고 당장 구하자니 번거ㄹㆍ운 물건들이 그득하다. 특히 내게 잘 쓰였으나 고장난 게 아니고 자리만 차지하게 됐을 때 가격이 문제가 아니라 제대로 써줄 사람 찾는데 이만한 사이트가 있을까. 환경,사회적으로도 좋은 사이트다. 물푸이 오가며 느끼는 인간미는 더할수없는 덤 아니겠는가"
35,힝9,4,2022년 5월 25일,다크모드랑 라이트모드 중에서 설정할 수 있게 해주셨으면 좋겠어요... 분명 기기 설정 그대로 적용된다던데 다크 모드 아닌데도 지웠다가 다시 까니까 다크모드로 적용 되네요... 심지어 다크모드에서는 글씨도 안 보여요... 기본 글씨체 색이 검은색이라서 당근페이 같은 거 필수항목 체크할 때 글씨가 안 보여요
36,YS Park,1,2022년 8월 2일,일방적으로 다크모드로 변경되게 만들어놓고 다크 모드와 라이트 모드 선택할 수 있게 해달라고 했더니 핸드폰 설정을 바꾸라는둥 좋은 의견이니 다음에 고려하겠다는둥 말만하고 벌써 수개월이 흘렀네요. 사용자의 불편함은 전혀 고려하지 않고 문제를 제기했는데도 사용자가 몰라서 그렇다는듯의 답변은 기가 막힐뿐입니다. 요즘 핸드폰 설정과 별개로 다크와 라이트 모드 변경되는 어플밖에 없는데 관리자는 그걸 모르는건지 알면서 모르는척하는건지 모르겠네요. 못쓰겠으면 사용자가 힘이있나요? 그냥 불편해도 참고 써야지. 의견 수렴은 별로 필요 없어 보이네요. 뻔한 답변이 예상되지만 채팅창 이모티콘 을 선택하면 바로 보내지는데 실수로 엉뚱한 이모티콘 보내는것을 방지하기위해 카카오톡처럼 일단 선택된 이모티콘 확인하고 전송버튼 눌러서 전송 할 수있는 기능도 있으면 좋을듯 하네요. 애들 처럼 떼쓰는것도 아니고 안되면 안되는 이유를 알려주세요. 기술적으로 힘들다면 이해하고 넘어가겠습니다. 사용자 탓 하지 말구요
37,장영재,5,2022년 5월 27일,"2022/05/28: QA성 리뷰 남깁니다. 검색창 진입 시, 다크모드가 하단 검색어 프레임 혹은 전체 프레임에서 풀리는 경우가 빈번합니다. AdGuard쪽 회선을 빌린 사설 DNS 사용 중인데, 간혹 연결이 불안정해집니다. 사용 기기는 갤럭시 S8이고, 사용중인 터치 키보드는 삼성 기본 쿼티가 아니고 모아키입니다. 제가 FE나 BE는 잘 몰라서 용어가 적합하지 않을 수 있겠지만은... 개발자 분들 패치에 도움될 수 있으면 좋겠습니다. 감사합니다."
38,윰디,4,2022년 5월 29일,다크모드 설정이 가능하다해서 업데이트했는데 안드로이드 10이상 지원되는거였네요.. 10이하 기기의 사용자도 어플자체에서 다크모드가 실행가능하게끔 만들어주셨으면 좋겠다는 건의를 해봅니다.. S9+ 사용자라 디스플레이에 다크모드가 아예 없어서 밤에 휴대폰 사용할 때 화면보기가 좀 불편하더라구요..
39,isaac “nickname73y4” Han,5,2022년 6월 30일,"키워드 알림 기능이 유용한데, '제외 키워드' 기능이 추가됐으면 합니다. 예를들어 갤럭시 s20 모델에 관심있어서 S20을 등록해두면, 현재는 s20, s20플러스, s20울트라, s20 FE 등등 온갖 시리즈들이 다같이 알림에 뜨니까 너무 불편하네요.. 플러스, 울트라 같은 단어를 제외 등록해두면 딱 원하는 모델만 필터링이 가능할텐데 말이죠. 요건 그냥 예시로 들은건데, 무튼 추가되면 유용할 것 같은 기능이니 건의 부탁드려요"
40,River Shine,2,2022년 7월 30일,"채팅 알림음이 울리지 않아 번번히 거래 타이밍을 놓칩니다, 연락한 상대방한테도 실수하게 되고 저 또한 본의 아니게 계속 답변을 안하는 사람이 되는 꼴이 되어서 불쾌합니다, 알림설정에 들어가 확인해 보아도 마케팅알림과 기타알림을 제외하고는 알림허용이 다 되어 있는데 왜 이런건가요?!"
41,Black Noir,5,2022년 7월 23일,"(건의사항) 당근마켓 PC버전도 출시돼서 전국 게시물을 검색해볼 수 있는기능이 좋네요. 컴퓨터 말고 스마트폰으로 네이버나 크롬 브라우저앱을 통해서 웹버전으로도 자주 검색해보는 편인데, 게시물을 누를때마다 앱이 자동실행돼서 참 불편하네요. 기본설정 해제해도 실행되는거 보면 기본값으로 설정된 것 같은데.. 요거 다음 업데이트때 해제 좀 부탁드립니다ㅠㅠ 앱으로들어가면 동네 게시물밖에 못보네요..."
42,다윗_David,5,2022년 5월 23일,"안녕하세요. 당근버전이 6.4.5 인데요, 다크모드로 사용이 가능하다고 하는데 아무리 설정을 해봐도 다크모드 적용이 안되네요. 설정-디스플레이 에서도 다크로 설정을 해도, 설정-개발자옵션 에서도 다크모드로 설정을 해도 당근에서는 다크모드가 안됩니다. 도움 부탁드립니다."
43,나중에소주나 한잔하자 (제주살이중),5,2022년 6월 6일,채팅창이 2주 지난것들은 전부다 뜨는데.. 최근것들은 아예안떠요. 다른사람한테 채팅와서 가면 글이 없어서.. 올린글 찾아가서 채팅을해야 되요. 그리고.. 키워드 알람 설정을 해놨는데도 불구하고.. 안울리다가 한번에 10-30 개가 폭탄알림으로 들어오는데요. 어떻게 해결해야 하는지 알고 싶습니다.
44,한승빈,3,2022년 7월 22일,"동네인증 기능은 조금 불편한 것 같아요. 타지역에 여행을 온 상태에서 필요한 물건을 거래하려고 했는데, 지역 인증에 실패했다고 나와서 구매하지 못했습니다ㅠㅠ 가격이나 상태를 물어보거나 구매를 예약하려면 반드시 해당 지역 내에 있어야 한다는게 조금 아쉽네요.. 동네인증은 구매를 확정한 후에 해도 괜찮다는 생각이듭니다. 채팅으로 제품 문의하는데 저처럼 지역에 있지 않으면 마음에 들어도 구매할 수 없을거 같아요."
45,M 2M,5,2022년 7월 22일,"인터넷 벼룩시장으로는 아주 훌륭합니다 아,나,바,다.를 몸소 실천하는 재미도 솔솔하고 알림소리인 ""당근"" 하는 애기 목소리가 귀엽고 정겹기까지 하네요 (설정에서 이것 저것 보는것도 재미있음) 여러가지 기능과 폭넓은 검색 기능까지 있어 편하고 좋네요 운영자님 고맙습니다~"
46,비온 뒤 무지개,4,2022년 7월 14일,"지금까지 중고거래 앱 중에서 제일 편리하게 사용하고 있는 사용자 입니다. 거래가 재미있어져서 요즘 자주 사용을 하고 있는데, 요즘 거래 채팅중에 아무 이유없이 무지성 차단 박는 사람들이 있습니다.. 이유야 개인적으로 있을 수도 있지만 당하는 사람 입장에서는 진상취급 받은 것 같고, 무시 당한것 같아 너무 불쾌하고 생각날 수록 정말 화납니다. 제가 잘못했다고 하기엔 분쟁이 일어난 것도 아니고, 여태껏 다른 분들과 거래도 잘 해왔어요. 제가 매너 온도도 낮은 편은 아니거든요.. 차단당하면 후기로도 제지 주기도 어렵고 비매너 목록에도 ""이유없이 차단당했다.""는 불편을 호소할 수 있는 키워드가 없습니다. 맞지 않은 키워드를 체크하면 제가 오희려 제지를 받아아 한다는 사실에 정확한 키워드가 없어서 하기도 꺼려집니다. 이 앱에 정 생길 정도로 자주 애용했었는데, 개선 부탁드립니다."
47,코리아캐리,1,2022년 7월 8일,글만올리면 정지시켜버리니 무서워서 글올리지를 못하겠습니다. 모방할만하니까 모방글을 올리는건데 그것가지고 정지시켜버리니 너무당황스럽습니다. 그리고 동네에 원하는게 없어서 다른동네를 일일이 검색해서 찾아봐야한다는점이 너무불편하고 동네인증하는게 번거롭습니다. 중고거래어플중 가장최악이고 별1개 드리기도 아깝습니다. 너무규정이 빡센것 같다는생각도 듭니다.
48,장희원,4,2022년 6월 5일,"필요없는 물건을 팔수있으니까 좋은 거 같아요! 그런데 이 점들은 개선하면 좋겠어요! 1. 가끔 와이파이가 연결 되어있는데 채팅을 보냈지만 채팅이 안보내진 경우가 있어요. 저는 안 보내진줄 모른 적이 많아요.. 2. 탈퇴한 유저를 비매너 평가할 수 없어요. 신고를 하기엔 애매한 일들은 어떻게 해야할지 모르겠어요..ㅠㅠ 3. 이건 추가하면 좋겠는 점인데 가끔 개별 구매를 하시는 분들이 있어서 예약중 으로 봐꾸거나 판매 완료로 봐꾸는게 애미한 경우가 있어요. 개별 구매를 했을때 그 물건만 따로 예약중, 판매완료로 뜨면 좋겠어요 조금 힘든 내용들이지만 끝까지 봐주셔서 감사합니다. 잘 이용하고 있어요!"
49,박순욱,5,2022년 6월 8일,알림 팝업창에서 항목선택시 바로 그 물건을 볼 수 있게 되어서 좋긴한데 (예전에는 키워드 창이 통째로 떴다) 뒤로가기 (취소버튼)를 누르면 키워드 알림창이 다시 떠야 좋을 것 같습니다 왜 홈 화면이 떠서 다시 키워드를 눌러서 확인해야만 하는지..키워드를 등록해놓은 이유가 무색해지는..설정이네요 당근 덕분에 살림살이 도움이 되어서 이런거 잘 안쓰지만 시간내서 건의해봅니다
50,정정철,4,2022년 5월 22일,"채팅할려면 이전에 대화한 상대방인지가 어떤 이용자거는 뜨고 어떤 이용자거는 뜨지 안습니다. 방금 바지 살려고 채팅하려는데 많이 본 닉네임라서 확인해보니 얼마전 다른옷으로 채팅하다가 별로라서 거래안했던 사람이었음. 아뒤 기억 안나쓰면 어떡할뻔... 채팅했던 사람들 하나하나 들어가서 다른 판매상품에 채팅방 들어가보니 , 어떤 이용자거는 몇달전 채팅한적 있다는 내용이 표시되고, 어떤사람은 표시 안되고 당근 페이 사용자라는 사실만 표기됨. 당근페이사용자라는 표시나온 이후로 이전 대화했던 사람 표시가 잘 안돼는거 같음 . 업데이트해도 똑같네. 확인좀 해보세요. 거래자한텐 몹시 중요한 사항입니다.당근이 다른 중고앱과 차별화되는 이유구요. 좀 맘에 안드는 모든 사람을 차단할수는 업잖아요."
51,sky Kang,4,2022년 5월 12일,예전에는 안쓰는 물건 스티커 사서 붙여 버렸는데 당근마켓 생긴 후 당근마켓을 통해 안쓰는 물건을 팔고 또 필요한 물건을 구매도 하며 나눔도 하는데 다른 동네에 갔다 당근마켓 검색 후 관심 물건으로 등록하고 집에 와서 다시 확인해보려면 동네인증 때문에 못보구 구매를 포기하는 아쉬움이 몇번 있었네요. 관심물건으로 등록된 물건의 판매자와 당근 챗이 연결 되도록 시스템 개선이 되면 좋겠는데 어려울까요?
52,박세빈,4,2022년 7월 23일,당근마켓 잘 사용하고 있습니다. 건의드릴께 하나 있습니다 예를들어 서울 잠실동의경우 인구밀도가 높아 상품도 많고 거래상황도 좋겠지만 경기도 이천의 경우 이천시만해도 끝과끝이 한시간거리고 인구도 적습니다 그래서 면적을 넓게해도 상품이 적고 동네인증때문에 사고싶어도 못사는경우가 생깁니다. 인구가적고 지역은 넓은곳을 감안하여 동네설정폭을 넓게해주시면 당근마켓을 더 많이 활용할 수 있을것 같습니다.
53,윤준식,4,2022년 5월 16일,진상들은 별개로 당근마켓을 통해 사용하지 않는 물건을 판매하면서 유용하게 사용하고 있고 인터페이스도 간단명료하게 되어 있어서 편리해요. 근데 절전상태에서 제외시켜도 채팅 알림이 잘 안오는 고질적인 문제가 있어서 그 부분이 굉장히 아쉽네요
54,루나,5,2022년 5월 27일,"아주 잘 사용하고있는데요 필터링 기능이 추가되었으면 좋겠어요 어떤 특정 단어가 들어간 판매글이나 구매글이 안보이게요 (포켓몬빵이라던가..포켓몬빵이라던가..포켓몬빵같은..) 돈을 빌려달라는 사람도 있는데 구걸관련 신고항목도 추가해주셨으면 좋겠어요(게시글 구걸이 아닌, 채팅으로 하는경우)"
55,이부연,1,2022년 7월 20일,"오랫동안 잘 사용하고 있었는데 어느날 로그인이 해제되서 접속하려고 하다가 안되서 재가입 했음. 고객센터에 문의했더니 이전계정 다시 되돌려 준다고 해서 양식대로 작성했는데, 오히려 재가입 계정도 막혔음. 아무 이유나 설명도 없고 문의해도 연락도 없음. 잘못한 것도 없고 거래도 잘했는데 왜 이러는지 모르겠음. 이용자에게 설명 없이 마음대로 제제를 먹이기 보다, 판에 박힌 대답이라도 답은 해야 할것 아닌지? 사기꾼이나 업자가 판치는건 어쩔수 없다고 쳐도, 보통 사람들에게 괜히 소통을 단절해서 사소한 원한이나 분노를 쌓지 않길 바람. 상하이 봉쇄 같이 플랫폼을 운영하는 이유가 뭐임??"
56,Mephist,5,2022년 5월 11일,우리 동네는 열심히 이불을 파는 분이 있습니다. 아이디는 자주 바뀌지만 게시글은 항상 같은 분입니다. 누군가는 사업자라고 열심히 신고하고 누군가는 계속 새 아이디로 같은 글을 도배합니다. 요즘 당근청소기 문제도 시끄럽고... 업자들에 대한 단속과 지속적인 개선이 필요해 보입니다.
57,레몬트리,4,2022년 8월 1일,오류가 계속됩니다.지웠다 다시깔아도 판매물품이 두개씩 중복 보여요 .한줄쫙 밑에또쫙 거래가능체크하고 다시지우면 한줄이예요.제꺼말고도 모든판매상품이다그래요. s21플러스기종입니다.모가 문제인지 확인좀해주세요.
58,아민,1,2022년 7월 16일,"거래금지품목 인지 모르고 올렸는데, 글 올리자마자 이용정지 시키는거 바꼈으면 좋겠어요. 유산균 올렸거든요. 차라리 거래금지품목을 올리기전에 경고 문고가 나오거나, 올리고 3분안에 삭제하면 괜찮은걸로 바꼈으면 좋겠어요. 진짜 모르고 올린건데(유산균) 바로 이용정지 시켜버리시는거 진짜 기분나빠요. 거래금지품목 종류가 굉장히 많고 광범위한데 사람이 모르고 올린건데. 이거 꼭 바꼈으면 좋겠어요."
59,5 000,2,2022년 6월 14일,앱을 처음 접하고 난 후부터 집 안의 모든 물건을 팔아치울 정도로 애용하고 있는 사람입니다. 그런데 한동안 판매할 물건이 보이지 않아 당근을 쉬었다가 다시 활동을 하러 들어가보니 당근마켓 매너온도가 내려가 있었습니다. 전 온도가 내려갈 만한 그 어떤 비매너 행위도 하지 않았는데 단지 활동을 쉬었다는 이유만으로 온도가 내려간 것입니다... 마켓에서의 온도는 사람의 신뢰나 다름없는데 단지 활동을 쉬었다는 이유만으로 46도 가까이 되었던 온도가 거의 40도까지 내려간 걸 보니 기운이 빠집니다... 또 어느 세월에 온도를 올려야 할까요... 제가 다시 열심히 온도를 올려놓아도 잠시라도 활동을 놓으면 그때 다시 온도가 내려가기 시작하겠지요. 게임도 이런 방식은 아닌데... 일부 잠수 유저를 막기 위한 운영진분들의 심정은 알지만 이 점은 정말 개선이 되었으면 좋겠습니다. 항상 수고하십니다. 감사합니다.
60,삼남매가 알려주는뭐든지TV,5,2022년 5월 20일,"우왕 당근마켓 너무 좋아요! 전 당근마켓을 사용하기 전 제가 쓰지 않는 일반 중고 물건을 판매하고 싶다는 생각을 가지고 있었어요. 그래서 판매를 하기 위해 유튜브로 판매하는 방법,인터넷 판매 방법 등등 여러가지를 찾아 보았는데 판매를 하려면 사업자등록을 해야 한다는 문제가 있었어요ㅜ 하지만 전 정식적으로 판매하고싶다는 생각은 없었고 그냥 취미로 쓰지 않는 물건을 판매하고 싶었어요. 그때 앱스토어에서 판매앱을 찾아보다 당근마켓을 발견해 깔았는데 물건 판매도 정말 쉽고 구매도 쉬워 정말 좋았어요!! 당근마켓에서 말투 안예쁘시고 매너 없으신 분들 있으실까봐 걱정했는데 모두 정말 매너있으시고 거파 한번도 당해보지 않았고 후기도 잘남겨주셔서 더욱 즐거운 거래가 되었어요^^ 당근마켓 정말 잘사용하고 있어요! 편한 중고거래앱 만들어주셔서 감사합니다!"
61,우용수,2,2022년 7월 11일,폴드3 사용중인데 중고차 볼 때 오류가 있습니다. 전면 디스플레이로 사용(보는 차량 A-B-C-...)하다가 펼쳐서 사용하면 중고차 보는 페이지가 첫 페이지(A)로 이동합니다. 아이폰에서는 사진만 보는 화면에서 창 닫는 모션(왼쪽 테두리에서 오른쪽으로 드래그)이 작동하지 않습니다.
62,David Kang,1,2022년 7월 27일,광고°홍보용 기능을 이용하는거면 몰마도 누가 봐도 전문업자라 신고를 해도 아이디만 바뀌서 계속적으로 활동함. 신고해도 조치를 했다는 알림만 오지 실질적으로 조치를 취했는지 확인할 바 없음. 전문업자들 뒤를 봐주는거 같음. 신고해도 부질없음. 고객센터에 여러차례 남겨도 개선 의지가 없어 보임.
63,윤지,5,2022년 5월 28일,당근마켓 진짜 짱인 것 같아요 필요없는 물건을 팔기도 하고 사기도 하고 참 좋은 앱인 것 같아요. 1년동안 잘 애용하고 있는 앱인데 개선할 점? 이 있어요. 채팅 쳤을때 잘못쳤을때가 종종 있는데 수정하지 못 해서 불편했었어요 수정 가능하게 만들어주심 편리하게 이용할 수 있을 것 같아요!
64,철제아,4,2022년 6월 11일,잘 사용하고 있는 중고 어플이예요! 다른 건 다 괜찮은데 챗 보낼 때 삭제하기가 없는 점이 조금 아쉽습니다ㅠ 잘못 보내도 지울 수 없으니 상대분이 보면 조금 당황스럽고 오타도 조금 많아서 삭제하기만 생기면 좋을 것 같네요!
65,이원,5,2022년 7월 22일,거래 지역 범위선택 사항에 조금더 좁은 범위를 선택하도록 하면 좋을것 같아요. 같은 동 집앞 거래 가능하면 저 좋을것 같아요. 거래 범위가 더 좁아지면 거래하기 좋을것 같아서 건의 드립니다^^ 좋은 서비스 제공해주셔거 감사합니다^^
66,달에우는도지,5,2022년 5월 26일,좋은데 한가지 간단한 기능 추가 부탁드립니다 제가 평소에는 다크모드를 쓰는데 당근을 쓸때는 라이트모드를 선호하거든요 그래서 앱 내에 다크모드나 라이트모드 선택 기능이 있었으면 좋겠습니다 보통 딴 앱들은 다 그런 기능이 있는데 당근엔 없는게 아쉬워서 한번 부탁드립니다
67,ᅳ써니,5,2022년 7월 12일,숨겨진개시글입니다 팝업에 닫기버튼 외에도 뒤로가기 버튼으로도 닫히게 해주시면 좋을 것 같아요. 한손 조작하고 싶은데 갤럭시울트라22는 화면이 커서 불편해요.
68,김대현,5,2022년 6월 12일,다좋아요 최근당근페이 생긴부분도 너무좋습니다. 하나 추가해주셨으면 하는게 매물올라온거 삭제가 안되게 해주시면 좋겠네요... 1. 판매하고 글삭튀...문제있는 중고품 판매하고 삭제해서 판매증거내용을 못보게함 2. 판매금액을 올려놓고 구매자가 많다고 수정해서 금액을 올려버리고 마치 경매장에서 판매하는거 마냥유도함
69,우럭한마리운다,1,2022년 6월 27일,플미 부분 개선 좀 부탁드려요. 특히 콘서트표요. 예전부터 콘서트 표쪽으로 플미 문제도 많고 그걸로 사기치는 사람들도 심각하게 많은데 암표는 신고 가능하지만 온라인 거래는 신고해도 제재가 어렵다는건 피해자를 양성하겠다는 내용으로 밖에 보이지 않아요. 그게 플미가 붙은 가격임을 모르는 사람들은 비싸게 표를 사거나 사기 피해에 쉽게 노출되는 피해자가 되는건데 그건 아니라고 생각합니다. 최근 코로나 거리두기가 사실상 해제 되면서 콘서트가 자주 열리고 당근 피드에도 생각보다 많이 올라오던데 그에 따른 기준도 없고 신고해도 온라인 거래는 신고가 무용지물이라니 답답하네요. 다른 중고거래 사이트나 카페나 커뮤니티들처럼 플미 거래 제재 시스템 개선이 필요하다고 생각합니다.
70,이이,5,2022년 9월 24일,잘 사용하고있는데 1. 원하는 동만 골라서 보기 2. 더 넓은 지역 보기가 가능했으면 좋겠습니다. 저는 00동에 사는데 차타고 가면 금방인 같은 지역 내 동네들이 안 보여요ㅜㅜ 키로수는 멀어도 같은 생활권이라 다 왔다갔다 하는데..ㅜㅜㅜ 동네를 두 개 설정할 수 있긴 하지만 하나는 직장쪽으로 해놓고싶어서 범위를 더 넓힐 수 있는 기능이 있었으면 좋겠습니다. 그리고 001동 002동 003동이 있는 동네의 경우 최소 범위로 좁혀도 1-3동이 다 잡히는데 걸어다닐만한 거리는 제가 있는 한군데뿐이라서.. 잡히는 동네 중 원하는 동네만 선택 가능하게 했으면 좋겠습니다
71,mina K,3,2022년 5월 23일,당근마켓 어플 업그레이드 후 다크모드가 강제로 시행됩니다. 다크모드와 라이트모드를 선택할 수 있도록 앱 내에서 다크모드를 on/off 하는 기능을 추가로 만들어주셨으면 좋겠습니다. 스마트폰에서 [휴대폰 설정 > 디스플레이 및 밝기 > 라이트 모드]로 변경하는건 알고있습니다. 제가 원하는건 어플 내에서 다크모드를 on/off하는 기능입니다. 항상 잘 사용하고 있습니다. 다크모드를 원하는 분들이 많아서 업그레이드가 되었지만 on/off기능도 추가해주셨으면 좋겠습니다.
72,김연태,4,2022년 5월 26일,좋은 물건을 저렴하면서 안심하고 구할 수 있어서 좋습니다. 이웃의 범위를 좀 더 확장했으면 좋겠습니다. 적당한 물건이 있어도 이웃의 범위가 너무 한정되어 아쉬운 점이 있네요.
73,HG OH,1,2021년 2월 6일,"앱 내에서 알람 꺼도 ""혹시 당근이세요?"" 등과 같은 ""운영알림""이 계속 오네요. 앱 내에서 푸시알람을 꺼도 그렇고, 스마트폰 설정 내에서도 푸시알람 꺼버려도 그렇고요. 그렇다고 방해금지 시간 설정 해버리면 정작 중요한 거래 채팅 알람은 받을 수 없습니다. 이러힌 점 굉장히 불편하고 아쉽습니다. 운영알림 수신 알람 설정 기능이랑 채팅 알림 분리해서 설정해야 사용자들이 더 편할거라 생각합니다. 운영알림도 영리목적 광고의 일종이라 수신동의철회나 수신거부 방법 제시 등을 제시하지 않는다면 법적으로 문제 생길 여지가 있습니다. 이러한 점은 개선바랍니다."
74,Google 사용자,5,2020년 12월 15일,"A를 검색해서 100개 물건이 나왔다고 치면, 내려가면서 30번 물건을 보고 관심 등록하고 다시 리스트로 가면 제일 위 물건으로 가고 다시 쭉 내려서 70번 물건을 보고 관심 등록하고 가면 다시 또 리스트는 제일 위 물건을 보여줍니다. 미칠 노릇이에요. 그리고 핸드폰 누름 알림? 에서 알림을 누르거나 하면 해당 글로 접속이 되었으면 하는데 그냥 단순히 당근 앱으로만 접속이 됩니다. 당연히 그 게시글이 있는 화면으로 몇 번을 눌러야 그 알림을 볼 수 있어요. 너어어어어어무 불편해요. 개선해주세요."
75,유튜브으으으,4,2022년 6월 14일,모든 기능은 거의 다 좋은데.. 한가지 기능을 더 추가해 주셨으면 해요 채팅 쓰다가 잘못 써서 보냈을때 채팅 내용 삭제 기능 추가해 주셨으면 합니다 상대방한테 잘못 쓴걸 보냈다가 오히려 기분 나빠하고 거래도 물거품이 되니까.... 상대방이 잘못 쓴 내용 못 보게 '채팅 내용 삭제' 기능 넣어 주셨으면 좋겠습니다!
76,YT,1,2021년 3월 10일,"그동안 감사히 잘 쓰고 있었습니다. 근데 이번 업데이트는 별 하나도 아깝네요. 키워드 알림 한 번 내려보세요. 목록을 내릴 때는 좌우 탭 이동이 제한되게 해놔야지 내릴 때마다 활동알림 탭으로 넘어가서 내리다가 멈추고 옆 탭으로 넘어가고, 써보신 분들은 이게 무슨 말인지 알겁니다. 키워드 제한도 없어서 거르지 못하고 목록이 길어지는데 스트레스 받아서 제대로 보겠습니까아 어도비 리더 어플로 PDF 확대해서 이리저리 화면 옮겨보시고 참고하면 좋겠네요."
77,잉뀨,5,2020년 12월 20일,사용 잘하고 있어요! 좋은 물건 저렴하게 사고 팔 수 있어서 좋아요. 다만 개선해주셨으면 하는 점은 동네를 두개 설정해놓으면 한꺼번에 두 동네 주변 물건이 다 보였으면 좋겠어요. 상품 화면 들어갔을때도 현재 동네 주변이 아니면 구 단위로 뜨는게 불편해요. 그리고 관심상품에도 판매중이랑 판매완료 상품을 나눠볼수 있었으면 좋겠어요! :)
78,고운,5,2021년 5월 6일,"검색할 때나 키워드알림을 등록할 때 가격대에 따른 필터링도 있으면 더 편리할 것 같아용..! 가격대의 폭이 무척 큰 물품의 경우 알림이 떠서 들어가보면 제가 생각하는 금액대보다 높은 경우가 많은데, 이럴 때 처음부터 키워드를 디테일하게 설정할 수도 있겠지만 원하는 가격대를 설정가능하게 해서 그에 해당하는 물품만 나오도록 할 수 있으면 좋을 거 같습니다. 넘 잘쓰고 있어요~~"
79,권은파,3,2022년 7월 30일,몇년간 잘썼는데 몇일전부터 알림이 전혀 안울려서 판매를 몇번이나 놓쳤어요. 갤럭시S22 울트라 모델이고 어플알림/핸드폰 어플리케이션 알림설정 모두 정상적으로 되어있고 절전상태도 아니고 알림음 설정에서 당근소리로 정상적으로 울리는데도 정작 거래채탱 알림 울리지 않네요....왜 그런걸까요? 스트레스받아요
80,정인경,4,2022년 10월 9일,"당근마켓 잘 쓰고있는 유저입니다 그런데 사용 끌올이 15번 밖에 제한 있는 것과 최근 거래 채팅을 한 사람을 차단 못하는게, 그리고 찜한 사람을 볼 수 없는게 조금 아쉬운것 같다고 생각합니다! 끌올 제한이 풀리고 최근 거래 채팅을 해도 차단을 할 수 있고 찜한 사람이 누구누구인지 알 수 있으면 좋겠어요ㅠㅠ"
81,박서우,5,2020년 11월 28일,정말 좋아요! 원하는 물건을 쉽게 직거래 할 수 있으니 정말 편리합니다. 하지만 한가지 희망사항이 있습니다. 혹시 채팅에 예약 기능을 다는것은 어려울까요? 생활패턴이 새벽에 맞춰져있어 상대에게 채팅을 하면 실례가 될까봐 채팅을 안하게 됩니다. 예약 기능이 있다면 더 편리하게 앱을 사용할 수 있을것 같아요!
82,뿌기,4,2021년 2월 1일,안드로이드 사용자입니다. 어플 사용 중에 실수로 '이전' 버튼을 누를 때가 있는데 그럴 때마다 앱이 바로 종료되어서 불편합니다. 게다가 다시 후다닥 들어가보아도 홈 화면이 바로 새로고침 되기 때문에 보고 있던 지점에서 이어서 구경할 수 없고 다시 처음부터 물건을 봐야하더라구요.. 1. 대부분의 앱처럼 이전버튼을 두번 누를 시 종료가 되었으면 좋겠고(ex : 뒤로버튼을 한번 더 누르시면 종료됩니다) 2. 일정시간 안에 접속 시 새로고침이 되지 않게 바꿔주셨으면 합니다! 꼭 참고해주세요 감사합니다
83,Google 사용자,4,2019년 9월 8일,"저.. 제가 사지 않을 물건은 '가리기','숨기기'기능으로 가릴 수 있었으면 합니다. 예를 들어 제가 냉장고를 가지고 있을경우, 다른 냉장고를 살 이유가 없습니다. 또 제가 가방을 사고싶은 경우, 며칠~몇주동안 가방을 검색할겁니다. 그런데 제가 사지 않을 물건을 여러번 반복해서 보는건 너무 힘들어요. 아주예쁘고 심지어 가격까지 마음에 드는경우라도 취향이 아니라면 사지 않는 경우가 있기 때문에 이 기능은 꼭 필요하다고 봅니다. 특히 끌올로 여러번 올리시는 물건이 조금 많은데 그걸 계속해서 보는작업이 힘드네요. 새물건같아서 확인하면 이미 7번8번 본 물건이고.. 숨기기기능을 썼던 물건은 un숨기기 or 다시올리기 등의 기능으로 다시 찾을 수 있으면 될것같습니다. 또 이미 거래완료된 물건은 표시되지 않았으면 합니다. 앱은 잘쓰고있습니다. 감사합니다."
84,스포,5,2020년 7월 1일,"거리가 너무 제한적이어서 가까운 동네라고 생각하는곳인데도 채팅을 할 수가 없네요. 이동하기 편리한 시대인데, 거리제한이 아주 불편한점으로 보입니다. 지역,거리제한은 이용자가 자신에게 맞춰서 옵션으로 설정하면 좋겠습니다. 전국 누구라도 거래할 수 있으면 합니다 타지에 종종 다니는 경우에도 미리 연락하고 약속을 잡을수가 없네요."
85,공티치,4,2021년 1월 7일,정말 좋아요! 잘쓰고 있어요. 하나 불편한점은 HEIF파일형식의 사진은 지원하지 않는다는거에요. 일반카메라로 찍은 사진은 보낼 수가 없어서 항상 변환시켜 저장하고 다시 보내고 번거로운 일을 거쳐 불편하게 사진을 보내야해서 불편합니다 ㅜㅜ 나중에 업데이트 하시고 할개 없으시면 HEIF파일도 지원할수 있게 부탁드려요!!
86,Google 사용자,4,2019년 6월 14일,"많이 검색하고 거래도 하고 있습니다, 다 좋은데 다만, 반려견이나 반려묘 분양도 같이 메뉴에 넣어 주셨음 합니다. 솔직히 다양한 카페에서 운영중이긴 하나 여기만큼 활성화 된곳을 본적도 없고 주변분들이 여기서 반려견이나 반려묘를 찾으려하는 분들도 꽤 있습니다. 그런점 추가 해주시면 더 좋을 듯 싶습니다."
87,사랑이와복끌이,5,2021년 2월 24일,"당근마켓 잘 사용중인데요 동네 설정을 1개더 늘리는건 어려운가요? 보통 집,회사 이런식으로 사용하는데 다른지역 갔을때 쓸수있게 1개만 더 있다면 좋을것 같습니다. 내동네 삭제하고 잠깐 있는 다른동네 다시 등록하고 또 내동네 등록하고 하는건 너무 귀찮잖아요~ 동네 키로수를 늘릴 수 없다면 지인들 집 놀러갔을때나 출장갔을때 그 근처것도 볼 수 있게 동네 1개 탭만 더 있으면 최고일듯요!"
88,서미혜,5,2020년 5월 29일,지역을 넓게 볼건지 좁게 볼건지 선택 가능해서 편해요. 좀 비싸고 희귀한 물건 찾을땐 넓은 지역으로 보고 보편적인 물건이거나 싼 물건은 좁은 지역으로 해서 봐요. 키워드 알림이나 채팅알림도 잘 오네요. 터무니없는 가격에 올리는 사람도 있지만 시간을 들여서 찾아보면 좋은 가격에 좋은 물건 올리는 분들도 많으니 천천히 살펴보는걸 추천해요. 작은 버그는 있지만 점차 고쳐지겠죠. 기업이 만든것도 버그는 있으니까요.
89,큰성님,4,2020년 6월 29일,"키워드 알림 기능에 에러 의심됩니다. 키워드를 30개 등록해놓고, 한참 확인하지 않고 놔뒀더니 미확인 알림이 백여개 누적되버리면 폰 전체 속도가 엄청 느려집니다. 어찌어찌 알림을 확인하면 정상속도. 확실치는 않으나 상당히 의심됩니다. (알림 누적에 관한 OS차원의 버거 일 수도 있겠네요. 제 버전은 7.0이고 LG V20 입니다) ㅡㅡ그리고ㅡㅡ 익숙한 이웃 동네 명칭이라 해도 실제로는 거리가 멀거나 직접 찾아가기 어려울 수 있으므로, 판매자의 대략적 위치라도 지도상으로 보여주세요."
90,별사탕맛찐빵,5,2021년 5월 15일,사용도 쉽고 동영상 광고 1도 않나와용!! 무엇보다 저희 동네 가까운 동네상품 만 볼 수 있으니깐 직거래 할 수 있었던게 좋아요!! 한번씩 이상 한거 파는 사람도 있지만 이곤 당근에 문제가 아니니 패스!!ㅎㅎ ٩(๑•̀o•́๑)و 음... 딱히 문제점 하나 없는 듯해용!! 이번에 핸드폰을 바꿔서 시작한지 얼마 않됬는데!!! 예전 핸드폰으로 넘 잘썼어용 지금도 잘 쓰고 있고용!! 그리고 매너 온도를 볼 수 있어서 그걸 보고 거래하기 좋아요!! 전이거 진~~짜 추천합니당~~~!!!! ٩(๑•̀o•́๑)و
91,PB PARK,2,2022년 1월 28일,어플을 사용하다가 뒤로가기로 누르면 (갤럭시 노트 20 울트라 하단바에 있는 뒤로가기 어플자체적으로 있는 뒤로가기 아님) 검은 화면으로 생기면서 어플이 블랙아웃이 됩니다 ㅠㅠ 어플을 지웠다 다시 설치해도 이런현상이 반복되는데 왜이러는건가요? 뒤로가기버튼은 너무 자주사용하는 버튼이라 습관인데ㅠㅠ 안쓸수도없고 내용보다가 뒤로가기눌러서 블랙아웃되면 다시 어플을 켜서 보던 내용을 다시 찾아야하는 번거로움이 있네요 답변부탁드립니댜!
92,Sharone,3,2022년 10월 20일,"앱자체는 정말 아주 유용히 사용하고있어요. 그런데 유저중심으로 발전좀 해주세요. 1. 상점내 판매물품 카테고리좀 나눠주세요. 물건이 많아지면 서로 물건 찾고 대화하기가 너무 힘들어요. 2. 예약중 물건은 따로 볼수있는 기능 만들어 주세요. 채팅창이 많아지면 예약중 물건을 찾기가 힘들어져요 3. 한 사람이 여러개 구매했을때 그사람 채팅창을 묶을수있는 기능이 있으면좋겠어요. 4.리셀러 가격 올려파는거 해결 시급해요. 정말 좋은상품 좋은가격에 파시는분도 많지만, 그런거 다시 가격올려파는분들도 있어요. 대안이 필요해보여요. 5.버퍼링 정말심한거는 아시죠."
93,cocoshah,3,2022년 9월 30일,"기능이 업그레이드되는것 같은데 제가 불편하게 생각하는건 그대로여서 빠른 조치부탁드리는 마음에서 리뷰쓰게 되었습니다 구매원하는 고객이랑 채팅하다가 채팅알람이 와서 보면 온 문자가 바로 보이지 않고 처음으로 다시 나갔다가 다시 채팅으로 들어와야 되는데 이것 왜 계속 이렇게 해야 하나요? 너무 불편해요 카톡처럼 채팅창이 열려있으면 채팅 ㅣ 바로 바로 떠서 보였으면 좋겠어요 꼭 좀, 빨리, 조치부탁드립니다"
94,경진남,5,2020년 12월 30일,"다좋은대 외국인이 말시키면 힘들어요. 전달하고 싶은말,단어 다알수없어서...자동 번역기능 있으면 좋을것같구요.우리 아파트만 보기,우리 주택 근처만 보기등..아니면 지도보기처럼 지도에서 물건 고르기 기능 같은거? 진짜 근방 기능도 있음 좋을것같아요.걸어가서 당장 사고,팔고하게요 ㅎㅎ"
95,3:20 pm,4,2021년 1월 27일,아주 잘 사용하고 있습니다. 다만 알람이 온 상태에서 알림창을 누르고 어플로 들어갈 때 서비스가 연결이 불가능하다는 검은 창이 빈번하게 뜹니다. 상태 불안정이 빈번해서 불편하고 가끔 알람도 안오거나 늦게 옵니다. 원하는 개선 사항이 있다면 휴대폰 시스템 폰트가 당근 어플에서도 적용이 되었으면 좋겠네요. 번* 장터 어플 같은 경우는 폰트가 모든 영역에 적용이 되더라구요. 그리고 동네 생활 글의 경우 알림 설정 중 공감 / 댓글 이 두 파트가 나뉘어져있으면 더 좋을 것 같습니다.
96,Google 사용자,4,2019년 3월 30일,내게 꼭 필요한 물품을 저렴하게 구입 할 수 있어서 좋습니다. 2019년 3/29일 현재 두 번의 거래로 구입했는데 당근마켓을 설치하길 잘했다는 생각이드네요! 앞으로도 계속 쭈~~~~욱 거래해볼 생각입니다! 다만 아쉬운 점이 있다면 물품을 올리는 분들이 거래물품에 대한 정확한 정보를 올려주셨으면 좋겠네요. 사실 두번째의 거래에서는 현장에서 제대로 확인치않은 잘못도 있지만 집에와서 결정적인 하자를 발견하게 되었거든요! 자른 사람에게 선물하려던 물건에 이름이 적혀있어서 선물을 못하게되어서 그 중에 다른 물품으로 대체했거든요! 그 외에는 대체로 만족합니다!
97,Jade Gemstone,5,2022년 2월 27일,"잘 사용하고 있습니다. 제안) 찜해놓은 관심상품 목록이 늘어나니까 살 것을 찾기가 힘들어요.. 관심목록 내부에서의 검색이 가능하다던가, 가격순으로 정렬 가능하다든가, 지역별로 볼수있다든가, 뭔가 검색이나 정렬기능이 있었으면 좋겠어요.. 만약 지역검색?정렬?이 가능하다면 예를들어 A동의 상품 2개의 문고리거래 2건을 잡아서 한번에 다녀온다든가 하는 편의점이 생길 것 같아요. 만약 가격순으로 볼 수 있다면, 내 예산 안에서 살 수 있는 물건을 고르기 쉬울 것 같고요."
98,Google 사용자,3,2019년 10월 4일,동네설정하는게 안되네요... 로딩을 기다려도 안되고 GPS로 위치를 엑세스 하려해도 안되네요... 권한 같은건 다 허용 했구요. 암튼 이런 오류가 있는데 다음번에 설정하기 같은게 있다면 좋을텐데 상품검색하는데 내 위치가 있으면 좋은 거지 필수적인 건 아니자나요? 제가 팔고 싶을 때면 몰라도... 사고 싶은데 동네설정하는데서 로딩 걸려서 첫와면에서 넘어가질 못하니 좀 답답합니다. 빨리 오류를 수정해주시고 피드백 받아서 앱도 좀더 업데이트 되었으면 좋겠습니다^^
99,이인규,4,2020년 8월 3일,"직거래 우선이라 그런지 중고나라보다 매너좋고, 생각보다 매물도 많네요. 한 가지 아쉬운 점은 저만 그런지 모르겠는데, 채팅 방에서 블루투스 키보드 연결하고 채팅하면 채팅글 순서가 꼬입니다. (방금 남긴 채팅이 젤 위로 올라간다거나... 하는 식의 오류가 발생하네요.) 그리고, 한 가지만 더... 데스크탑에서도 거래가 가능했으면 합니다.(그 분께서 자꾸 폰을 보십니다 ㅜㅜ)"
100,김종민,5,2020년 10월 14일,장사꾼들 신고할 수 있다는 점이 최대 강점인 것 같아요. 도배에 혈안이 된 업자들에게 지친 사람들에게 강추해요. 정말 깨끗해요. 생각했던 것보다 매물도 많고요. 다만 검색 필터 옵션이나 카테고리 기능이 조금 더 세부적으로 나뉘었으면 좋겠어요. 성질이 다양한 몇몇 제품군 경우엔 간단한 분류가 직관적이라기보단 불편함으로 다가오는 것 같아요.
101,J.E Jang,5,2021년 2월 18일,편리하게 잘사용하고있어요^^ 한가지 아쉬운점이 있습니다. 제가 모르는부분일수도 있지만 키워드알림 소리와 채팅알림 소리설정을 다르게 할수있었으면 좋겠어요. 소리를 항상 켜놓는건 아니지만 구분할수있으면 판매글 채팅알림이 왔구나를 알수있어서 편할것 같습니다. 개선될수있으면 좋겠습니다!
102,ahn hana,4,2020년 11월 10일,1)판매자와 구매자 모두 쌍방향으로 후기를 써야 당근온도가 높아졌으면 좋겠어요 2)이미 찜한상품에 댓글 못다는거 불편해요. 대기를 탈수도 있는건데 말이죠 3)어제 업뎃된 화면이 불편해요. 글쓰기가 홈화면 메인에 있지 않고 좌측 +버튼 한번 더 눌러야 되네요. 쇼핑몰이 아닌데 판매자도 편해야죠 수정 되었으면 좋겠습니다!
103,오은지,5,2021년 4월 25일,"앱 정말 잘 사용하고 있습니다. 유용한 앱인건 제가 언급하지 않아도 모두가 이미 느끼고 있을거라 생각합니다. 한가지 건의하고싶은 것은 키워드알림(잠금화면이나 상단바, 키워드 알림 목록)에서 물건의 사진뿐 아니라 가격까지 한번에 볼 수 있었으면 더욱 편리할 것 같습니다. 고맙습니다."
104,Google 사용자,5,2018년 11월 22일,"왠만하면 리뷰 안 남기는데, 당근을 지인 소개로 듣고는 사용해 본 결과 대박~~~ 항상 맘 카페에서 거래를 했었는데. 당근은 거래 등록도 빠르고, 지역이 나오니 거래도 쉽고, 채팅기능으로 글쓰기에 굳이 개인 정보 남길 필요도 없어서 너무 편리 합니다. 앞으로도 좋은 기능으로만 업데이트 시켜주시면 고맙겠어요."
105,Google 사용자,1,2020년 3월 14일,시골지역은 쓰지도 못하는 어플이에요 지역경계도 너무 좁구요.. 시골은 지역특성상 물건도 많이 없을뿐더러 지역한계가 있어서 두번째 다운받았지만 첫번째와 마찬가지로 사용도 못해봤네요.. 어짜피 웹거래인데 타지역제한은 왜두는건지 모르겠어요.. 컴퓨터로 검색해보니 전국단위로 검색이돼서 싸고 좋은 상품이 많이나오지만 그림의 떡 이더군요.. 아쉬움만 남기고 삭제합니다..
106,Google 사용자,4,2019년 9월 18일,당근마켓을 지인분들께 추천하고 있습니다. 1. 싸게 판 물건을 비싸게 재판매하는 사람은 신고 2회 이상 받으면 당근마켓에서 탈퇴 및 재가입을 못하게 막았으면 좋겠어요.(신고를 했었는데 여전히 판매중이신 분을 본 적 있어요ㅠ) 2. 하루에도 몇 번씩 앱을 들여다보는데 상품들을 보면서 내려가다보면 맨 위로 다시 올라가고 싶을때 불편해요. 타 어플리케이션에는 우측 하단에 맨 위로 올라가게 해주는 버튼이 있어 쇼핑을 편리하게 하는 기능이 있더라구요. 기능 추가 제안합니다.
107,강선규 (sadiim),4,2021년 5월 22일,"좋습니다. 하지만 데이터 속도 제한이 걸린 경우 체팅에 사용되는 글자의 데이터는 몇 Kbyte 되지도 않는데 바로바로 답장을 확인 할 수가 없을 정도로 느려지는게 불편 하네요, 그리고 중고거래 개시글을 작성 하기 위해서는 키보드와 마우스가 있어야 하는데 순전히 모바일 기기만 있는 것도 불편하기는 하네요, 삼성 덱스가 있기는 하지만 PC의 기능을 활용할 수 없다는 점이 아쉽습니다."
108,encia2306,4,2022년 4월 22일,"당근전화는 마이크 설정이 되어 있어야하는데 안해놓으심 받을수가 없나보더라고요, 그리고 상대방분이 채팅 글을 쓰지 않으시면 전 예약을 걸수가 없어서 전화를 할 수 없네요. 채팅 설정을 꺼두거나 잘 못보는 경우엔 채팅확인을 제대로 하질 못하시는 것 같고요. 암튼 빠른 거래가 이루어지면 당근이 더 활성화되고 발전될 것 같아서 다시 글 남겨봅니다."
109,문정배,3,2022년 9월 16일,잘 사용하고 있습니다 그런데 요즘들어 점점 광고성 글들이 계속적으로 재기재(특히 중고차량 광고)되는 짜증스러운 상황을 접하게 되네요 타사의 중고**도 광고성 글로 도배가 되어감에 따라 일반 소비자들이 애용을 안하는 상황인데 이곳도 그런 뉘앙스가 느껴지네요 지속적인 필터링을 통해서 초심의 당근마켓의 순수함을 잊지마시길....
110,단비찡,4,2021년 2월 2일,"다좋아요. 그런데 홈에서 자기가 체크해놓은 1. 카테고리 전체가 보이는데 하나의 카테고리만 골라볼수있는 기능이나 검색시 금액높은순, 가까운순, 최신순 등등 정렬기능이 따로 있었으면해요. 2. 거래후기 숨기기 기능이 있던데 못숨기게 했으면 해요. 대신 일방적인 악의적후기에는 대응 할수있게 댓글을 쓸 수 있도록 하면좋겠어요"
111,이아란,5,2021년 9월 15일,"중고거래 앱중에 제일 사용하기 편한 어플! 가장 큰장점은 주변동네로 거래를 안내하니까 내가 구매할수 있는 여력 선에서 중고품목을 보기 쉬움 구매자입장에서 거래수수료를 안떼서 좋음 나눔 기능도 좋음. 무료로 나눔해서 받을수 있고 나눔자 입장에선 필요없는 물건을 의미있게 버릴수 있어서 좋은것 같다 단점이 있다면 동네 주변이 아닌 지역에서라도 내가 원하는 중고 품목이 있는지는 알수가 없어서 조금 아쉽다 지금 사용 기능처럼으로 타지역도 구별해서 나눔, 구매 서비스를 제공해주면 더 좋을듯하다"
112,Google 사용자,3,2019년 2월 14일,"근처에서 중고거래 직거래를 할 수 있어 좋은데 기능 부분이 많이 업데이트 되어야 할 것 같아요. 1. 물품의 기본 스펙 적는 란 필수 (중량,용량,컬러,사이즈 등) 2. 거래 장소, 가능 시간대 명시란 필수 3. 에누리, 교환 등 가능 여부 표시란 필수 4. 일방적 거래 파기, 연락없이 약속 어길 시(잠수) 패널티 크게 부여. 내용 설명 아무리 써놔도 내용을 제대로 안 읽는 이용자가 많아요. 질문은 혼자 하겠지만 판매자는 최소 2명, 많으면 수십개의 톡을 받는데 수십건 거래하면서 써놓은 부분 질문하는 사람이 너무 많아서 스트레스 받아요. 특히 무나는 무나라고 약속 어기는 거 허다하고...패널티가 약한 탓이라고 생각해요. 가격 부분처럼 기본적으로 적는 란이 있음 좋겠어요. 이것도 앱에서 제안할 수 있는 부분 있음 좋겠네요."
113,NyangToRi,4,2022년 4월 20일,"당근마켓을 1년 가까이 사용해가는 사용자입니다! 1년 가까이 사용하면서 장단점이 확실히 느껴지는데 단점들은 고쳐주시거나 업데이트를 해주셨으면 합니다! 1. 가격대 상품만 골라보기 -찾는 물건이 있을때 원하는 가격대를 선택하게하여 그 가격대에 맞는 물건들을 검색해주는 기능을 추가해주세요! 가끔 찾던 물건을 찾아도 원하는 가격대가 아니라서 찝찝한 경향이 있습니다 2. 더 자세한 카테고리 -지금 나와있는 카테고리 [ex) 디지털기기, 남성패션/잡화, 가구/인테리어] 도 나쁘지 않지만, 더 자세한 카테고리를 추가해 주세요! 예를들면 디지털기기에서도 스마트폰, 노트북, 태블릿, 스마트밴드 및 스마트 워치 등등 으로 더 자세하게 물건을 찾을 수 았도록 해주세요. 브랜드를 선택하게 해주시는것도 괜찮을 것 같아요!! 3. 다크모드 사용기능 -저는 다크모드를 사용하고있지만 당근마켓에서는 다크모드를 지원하지 않아서 많이 불편합니다! 이 3가지들이 제가 느낀 최대 단점입니다 개선 부탁드려요!"
114,착한밍키,5,2021년 3월 10일,안녕하세요. 현재 갤럭시 노트20 유저입니다. 당근마켓을 이용하는 중 갑작스럽게 앱환경이 변화되었습니다 ㅜ 1. 채팅창에서 제가 작성할 때 작성화면의 화면이 거의 전체화면을 차지합니다. 글로는 표현이 잘 안 되어 안타깝습니다. 상대방의 챗글이 보이지 않고 오직 제가 글을 쓰는 창만 거대하게 보여 상당히 불편합니다. 이전에는 이런 현상이 없었습니다. 2. 활동알림과 키워드알림 창에서 키워드알림 확인을 위해 내릴 때 제멋대로 활동알림창으로 넘어가고 뚝뚝 끊기며 내려갑니다. 또한 역으로 올릴 때에는 한칸씩만 올라가거나 끊기며 올라갑니다. 활동알림창 역시 동일한 문제가 발생합니다. 위의 1번 현상은 얼마전부터 눈에 띄게 심해졌으며 2번 현상은 어제부터 발생했습니다. 핸드폰 다시 시작과 앱을 삭제하고 재설치 후에도 동일한 현상이 나타납니다.
115,EUNJI CHO,5,2021년 1월 7일,"잘쓰고 있는데 다음의 건의사항 드립니다. 1. 관심목록 > 거래완료 처리된 물품 일괄 삭제 가능하도록 하면 편리할듯 합니다. 2. 메인페이지 > 검색필터 적용 가능하도록 (정렬/가격범위/검색할동네범위) : 특정 물품 검색시에는 검색필터가 가능한데, 모든 실시간 물품이 다뜨는 메인 페이지에서는 검색필터 적용이 어렵네요~"
116,Google 사용자,4,2019년 10월 13일,아주좋은 어플입니다. 그런데 개선점하나 건의드립니다. 노트10으로 사용시 채팅창에서 글을 입력하기위에 자판을 활성화시키면 자판이 올라오는데 이때 위쪽 나머지화면들이 올라가지않고 그대로있어 내가입려하는 채팅이 실시간으로 보이지가 않고 가려져있어 불편합니다. 개선부탁드립니다.
117,Google 사용자,3,2018년 10월 3일,"제 폰이 LG V 20 폰이고, 최근 최신 운영체제로 업그레이드된 것으로 아는데, 그래서 그런지 당근이 제 휴대폰에 최적화되어 있지 않은 것같고 몇몇 중요한 버그가 있는 거 같습니다. 말로선 설명 드리긴 귀찮고 곤란하기도 해서 회사가 서울을 포함한 수도권에 위치하고 있다면 직접 방문해서 그런 내용을 말씀 드리고 제품에 대한 몇 가지 제안도 하고 싶습니다. 위와 같은 이유로 별 2개만 드렸습니다. 기본적으로는 아주 유용하고 발전 가능성이 커보이는 앱임에 틀림없습니다."
118,김조지,4,2020년 11월 28일,"너무 잘 쓰고 있는데요. 특정 키워드를 검색 - 마음에 드는 상품을 클릭하고 찜하기를 한 뒤, 다시 뒤로가기를 했을때 스크롤이 맨위로 올라가는 오류좀 고쳐주세요. 검색없이 할때는 이런 오류가 없었는데 특정 제품만 보려고 검색을 사용했더니 이런 오류가 있네요. (리뷰글을 쭉 보니 이 오류가 최근 나타나서 개선중에 계시는 것 같은데.. 빨리 잘 해결되었으면 좋겠네요.)"
119,Google 사용자,4,2019년 12월 12일,흥미있는 어플 개벌해주셔서 고맙습니다. 불편한 점이1. 우리동네로 검색해서 판매지역 검색이 좁다는 점입니다. 동보다 넓은 구단위나 시단위로 검색이 가능하도록 해주셨으면 합니다. (어플 검색속도 등을 감안하면 속도구단위가 괜찮지 싶습니다). 2. 거래른 하려고 할 때 내동네 인증을 하라고 나오는데 없앴으면 좋겠습니다. 굳이 같은 동네로 인증이유가 무엇인지요~. 3. 관심상품 등록기능이 있는것 같은데 어플에서는 안보이네요. 관심상품 등록은 어떻게 하는가요? 없으면 기능 추가 해주셨으면 좋겠습니다. 사업 번창하시길 바랍니다. 고맙습니다.
120,Yoo Lee,5,2020년 8월 3일,살림살이 팔아치우는 재미에 잘 쓰고 있어요 몇가지 개선됐음 하는 점들입니다! 1. 검색 결과를 정렬하는 조건이 더 다양해지면 좋을거 같아요 :) 2. 그리고 이건 당근마켓팀에서도 어떻게 하기 어려운 문제겠지만.. 멀리까지 나갔는데 잠수타는 사람들이 종종 있어요. 확실한 조치가 어렵다는게 아쉽네요
121,S9 Jnl,4,2021년 3월 26일,"👍⏹ ■ [기능제안] ●블랙 화면 모드(야간에 흰바탕이라 눈이 불편해요) 와 관심목록 검색(관심 체크한 목록을 스크롤로 찾기가 힘듬)의 기능을 꼭x100 추가해주세요 ... ● 또, 동네인증 지역을 2곳 에서 3곳 까지로 가능(집, 사무실, 자주가는 지역 등)하도록 1곳을 더 추가 했음 좋겠어요 ... 👎⏹ ■ [개선사항] ● 알림 부분(활동알림, 키워드알림)을 탭 터치(선택)시에만 볼수있게 해주세요 (상하로 터치하며 스크롤하는데, 의도치않게 자꾸만 다른 탭으로 슬라이딩되며 넘어가서 너무나 불편하고 화도 나요ㅜㅜ) ..."
122,띵야,3,2021년 5월 23일,"분명 좋은 점도 있지만, 중고의 특성상 막상 매매하러 가서 기대에 못 미치거나 하면 무르기도 뭣하고 그렇다고 이미 가격 합의 보고 와서 다시 협상하기도 뭣하고... 게다가 예의상 왠만하면 후기는 좋게 써 줄 수 밖에 없고...(아니면 상대도 나쁘게 쓸테니까...) 그렇게 이리저리 눈치 보다 보면 그냥 속 편하게 새 물건 사서 쓰자 싶어 점점 발걸음 안 하게 되고...ㅡ.ㅡ 앱 자체에서는 첫 화면과 동네생활 밖에 안 보게 됨. 메뉴 접근성에 획기적인 대안이 있어야 할 듯"
123,pudding stapler,1,2022년 2월 1일,"1. 예를 들어 ""카메라""를 검색합니다. 스크롤을 내립니다. 물건을 구경합니다. 뒤로가기를 누릅니다. 그럼 스크롤이 다시 맨 위로 올라가있습니다. (스크롤이 위로 올라가있다기 보다 ""카메라""를 검색해서 나오는 첫화면 같습니다) 2. ""카메라""에 대한 검색을 마치고 ""가방""을 검색합니다. 스크롤을 내립니다. 물건을 구경합니다. 뒤로가기를 누릅니다. 그럼 ""카메라"" 검색결과가 나옵니다. 1번과 2번 두가지 문제점 모두 검색 목록에서 물건을 터치해서 판매화면으로 들어간 뒤에 바로 뒤로가기를 누르면 일어나지 않는 문제입니다. 검색 결과에서 물건을 보려고 터치하고 바로 뒤로가기를 누르면 스크롤이 올라가있지도 않고 다시 검색한 것 같지도 않고 이전 검색결과가 나타나지도 않습니다. 하지만 물건을 구경하고 사진을 구경하다가 뒤로가기를 누르면 1번과 2번 같은 문제가 일어납니다 다른 리뷰에도 이런 사항들이 상세하게 적혀있는데도 불구하고 당근쪽에서는 자세히 써달라는 피드백 밖에 보이지 않네요"
124,Zack Kim,4,2022년 1월 31일,"저도 나름 너무 사용하기 힘들어서 말씀하신대로 데이터 삭제, 임시 파일 삭제, 앱 자체 삭제 재시작 후 다시 설치, 어플 내 임시 파일 삭제 등등 생각나고 할수있는거 다 해봤는데도 이러네요...ㅜㅜ 예전글: 엘지폰에서 사용시 검색을 해서 찾다가 뒤로 가기를 눌렀을 경우 검색창 맨위로 매번 다시 올라가는 초기화 되는 증상이 지속되고 있습니다. 예전에도 문제점을 올렸었는데 아직 수정이 안되고 있고 사용자 다른 사용자들도 똑같은 증상을 겪고 있다고 합니다. 엘지폰 사용자들이 많이 없어서 이슈가 안되는거 같은데 빠른 수정 부탁드릴게요 너무 불편합니다.."
125,JEY,4,2021년 8월 31일,거래상품을 볼때 높은가격순 혹은 낮은가격순으로 볼 수 있는 선택적기능이 있었으면 좋겠어요. 더 나아가 다른옵션들도 있었으면 좋겠어요. 예를들어 기기같은 경우는 얼마나 사용했는지에 따라 정렬이라던지 등등. 그리고 당근챗알림 아이콘이랑 키워드알림 아이콘 디자인이 구별되면 좋겠습니다~!!
126,Google 사용자,1,2019년 10월 21일,특정 제품을 사려는 사람들에겐 매우 비추천. 여러 중고장터 어플을 이용했지만 매물이 많아 좋지만 전국검색 또는 전국거래를 원하는 사람들이 여기 리뷰에 많이 보이는 것 같음. 사고 싶어도 지역이 달라 특정한 물건을 사지 못해 숱하게 고배를 마신 일이 한 두번이 아니다. 울산과 부산 접경지역은 가깝지만 도시가 다르다고 거래를 못하는 경우가 발생한다. 그리고 PC에서 검색시 동네이름이 제품 브랜드와 같을 때 검색시 불편하다. ex) 신일선풍기 > 신일동 선풍기. 개선바람.
127,JIU KIM,3,2021년 2월 2일,정말 잘 이용하는 중인데 저만 그런건지.. 키워드 알림은 정말 잘 오는데 사람들 메세지 알람이 너무 늦게 와요 20분전에 온 메세지가 이제야 알람이 울려서 확인하게ㅜ되고 시스템상 문제인가 싶은데 잘모르겠네뇨 전 갤럭시 플립 사용자입니다. 이거때문에 거래가 늦어지거나 문제가 발생한 경우가 몇번 있었어요 그랫다고 맨날 메세지 오나 확인할 수 있는것도 아닌데ㅠ 또 연결이 잘안되요.. 새로고침을 해도 뒤늦게 메세지가 온다든지.특히 저는 메세지관련 이슈가 많네요 이부분이 제발 개선되었으면 좋겠습니다 ( 물론 와이아이 혹은 데이터이 문제는 없어요 인터넷 문제는 아닌거같습니다)
128,김종곤,1,2021년 2월 21일,잘 사용하고 있습니다. 하지만 키워드알림은 요즘 제대로 작동이 안되는것 같습니다. 설정 어쩌구 공지되어있는대로 다 해도 키워드 알림은 제대로 울리지 않네요. 물론 몇개가 오기는 하지만 모두 한참전에(5분이 지나고 나서)야 울리다보니 이미 예약중이 되어있는경우가 허다합니다. 키워드 알림 설정해도 저한테 알림이 오는것이 있고 안오는 것이 있으니 믿을수가 없어 많이 불편하네요 초창기에는 알림 당근도 울리고 좋았는데 지금은 기능이 많아져서 그런지 광고가 늘어서 그런지 이용자수가 많아서 그런지 초창기보다 많이 불편해졋네요.
129,freesia_ j,4,2021년 4월 3일,잘 쓰고 있어요. 그런데 이번 업데이트 이후 물건을 검색하면 최근판매글이 엄청 아래에 있고 거래완료된 오래된 글들이 상단에 주루룩 노출됩니다. 그리고 검색어가 깐깐해진거같아요. 어떤 검색어를 입력하면 딱 그것만 검색되어 다시 조금씩 검색어를 추가변경해서 검색해야되네요. 그리고 이건 소소한건데 예약중 색상이 너무 덥고 텁텁해요. 전에 연두빛이 상큼했는데 아쉬워요. + 아래 리뷰보다 문의남깁니다 한 게시글당 한 판매자만 후기를 남기도록 변경되었나요? 그럼 진짜 불편할 거 같아요. 하나의게시글에 여러 물건 올리고 여러 판매자와 거래하기도 해서요. 이부분이 맞다면 다음 업데이트에서 수정이 필요할 것 같습니다.
130,박상욱,5,2020년 12월 26일,정말 죄송한데 다 만족하는데 혹시 다크모드 적용시켜주실 수 있으세요?? 복잡한 설정에 비해 빨리 적용시켜주실 수 있는 간단한 설정이니깐 한번 부탁드려요...!! 저도 앱 만져본 사람으로써 다크모드 적용시키기는 쉽더라고요 ㅠㅠ 당근마켓이 너무 밝아서 눈에 피로감도 있고 스마트폰에서 흰색 화면을 계속 지속시키는 것이 나중에 번인이 일어나는 문제가 될 수도 있어서 다크모드 한번 부탁드리겠습니다 !!
131,갓핑거,1,2021년 6월 3일,강제 업데이트 이후 검색이 똑바로 안됩니다. 그전에는 아무 문제없이 잘됐는데...검색을 하면 한번에 되지 않고 재차검색해야 결과가 나오며 그마저도 검색된 물품이 처음3개만 보이고 아래로 화면 스크롤이 안됩니다. 노트4 안드로이드 버전 6.0.1 입니다. 제일 중요한 기능이 안되니 답답하네요.
132,소현SOHYUN,4,2020년 12월 5일,"저렴한 가격으로 동네이웃끼리 믿고 거래 가능한 점 너무 좋아요. 다만 이용하면서 한가지 불편한 점이 있다면 필요한 물건을 검색해서 찾아 볼 때, 궁금한 상품을 눌러서 상품보고 그냥 뒤로가기 하면 화면이 봤던 상품쯤에 머물러 있어서 더 둘러볼 수가 있는데, 그냥 뒤로가기 하지 않고 하트를 눌러두고 뒤로 가면 스크롤이 맨 위로 올라가 버리네요ㅠㅠ 봤던 제품쯤에 멈춰있으면 아래로 내려가며 더 둘러볼텐데.. 그래서 다시 봤던 물건까지 쭉 내리고 다시 둘러보고 또 그러다 하트 누르면 어김없이 스크롤이 맨 위로 올라가 있어요. 검색해서 둘러보다 하트 누르고 뒤로 가도 맨 위가 아닌 둘러봤던 상품에 머물러있었으면 좋겠어요. 이 점 말고는 동네 이웃끼리 기분 좋은 거래를 할 수 있어서 너무 잘 사용하고 있는 어플입니다. 검색해서 볼 때 저런 불편함만 사라지면 더더 애용할 것 같아요!"
133,daerim Lee,5,2021년 3월 30일,아주 유용합니다. 다만 두가지 정도의 개선이 있으면 하는 개인적인 요망입니다. 첫째 내동네 설정을 세개까지 했으면 합니다. 둘째 타지역에 나와서 내가사는 동네에서 필요한 물품이 나왔을때 '채팅으로 거래하기'를 누르면 '동네 인증하기'가 되지 않아 거래가 불가하네요. 물론 내가 사는 동네로 가면 되겠지만 가는 동안 필요한 물품이 품절 되는 경우가 생기네요. 채팅으로 거래하기는 현재 있는 위치 상관 없이 거래가 되었으면 합니다.
134,백흑이다,1,2021년 1월 17일,제가 아래쪽에 살아서 그 주변 아래에서만 구매 할 수 있다는게 너무 아쉽고 불편하네요 겨우겨우 원하는 물품을 찾았는데 3시간 거리 위쪽에 있어서 살 수가 없네요.. 아예 채팅도 못하게 막고 주변에서만 찾는것도 좋지만 전체로 나오고 설정에서 주변에서만 찾기 이런기능이 생기면 너무 좋을것 같습니다 꼭 직접가서 거래하지 않아도 우편으로 할 수 있는데 아쉽고 속상하네요
135,곽민서,3,2021년 2월 4일,"이웃과 소통할 수 있고, 만나면서 따뜻한 마음을 느낄 수 있어 유용합니다 다 좋은데 요즘들어 네트워크가 안정해도 채팅 온것이 제대로 뜨지 않습니다... 때문에 채팅 확인이 늦어집니다... 채팅을 보낼 때도 마치 네트워크를 껐다가 켜서 못보냈던 채팅을 다시 보내는 것 처럼 한꺼번에 늦게 보내져서 제가 말하고자 하는게 명확하게 안보내지곤 합니다... 다른 리뷰들을 보니 저만의 문제가 아닌 것 같은데 꼭 개선해주셨으면 합니다"
136,복귀좀,5,2021년 8월 28일,"정말 잘 사용하고있습니다. 목표한 가격을 노리고 존버하면 성공하네요..ㅎㅎ 건의사항이 있습니다. 키워드알림을 등록해두면 그 단어가 포함된 모든물건이 알림이 오더라구요! 그래서 알림 제외 키워드도 있으면 좋겠습니다. 예를들면 벤치프레스를 원해서 [벤치]를 키워드로 등록했다면, [-빈치스] 를 또 등록해서 빈치스벤치 손가방은 알림이 오지 않도록 하는거죠. 이런거는 따로 이메일로 드려야하나요..?"
137,Google 사용자,2,2019년 5월 27일,가까운거리 타지역임에도 동네인증이 안되서 거래못하는 불편함이 있었지만 것까진 머... 전반적으로 좋은앱이긴 합니다만..요새 키워드 푸시알림들어오는데 사진까지들어오는걸로 바뀌어서 너무 불편합니다. 지금 들어오는 사진보다 전에 무엇이 올라왔는지만 알려주는정보가 좋았어요. 대빵만한 사진하나만 떡하니보이는데 사진을 다 제대로올리는것도아니고...또 키워드 푸시알림 여러개해놓으면 알림자주들어오는데 사진으로해서 용량만 음청먹고... 싫은사람은 사진없이 푸시알림만 받게 설정할수있도록 해주든가요..이전에 평가했음 별많이줬을텐데 바뀐게 너무 불편하네요. 아 그리고 개인상점에 공지사항게시 못하는 것도요...
138,김솔아,1,2020년 11월 21일,"왜 제 리뷰가 없어진건지.. 작성했던 리뷰에 아쉬운 점 추가하려고 수정버튼눌러 작성하고 있는데 플레이스토어앱이 재실행되더니 리뷰가 없어졌네요. 1. 찜한 게시물이 자동분류되면 좋겠습니다. 게시글 작성시 이름쓰면 자동으로 해당되는 카테고리가 떠서 선택가능하듯, 그러한 시스템을 이용해- 찜한 게시물이 카테고리에 자동수납되도록 했으면 해요. 오늘 찜한게 아니였으니까..라며 스크롤을 계속 내리는데 너무 오래걸려요. 2. 채팅리스트도 구분이 되었으면 합니다. 구매희망자(내가 올린 게시물을 사고 싶어 채팅시도한 구매희망자와의 채팅방) / '사고싶어'(타 판매자의 게시물에 내가 대화시도한 채팅방)으로 나누어 볼 수 있었으면 합니다. 3. 찜한 게시물, 채팅리스트 내에서 검색기능이 있으면 합니다. 많은 대화를 시도하고, 많은 게시물을 찜한 상황에서- 키워드를 검색하면 해당 키워드가 있는 채팅방이나 찜한 게시물을 볼 수 있었으면 합니다. 4. 동네정보랍시고 보이는 동네정보는 본다/안본다 선택가능"
139,미지(가글),5,2021년 6월 29일,늘 잘 사용 중입니다! 한 가지 불편했던 점은 이번에 업데이트를 하면서 알림음들이 초기화됐었던 모양이에요 제가 알림음을 당근음이 아닌 다른 것으로 해두었었는데 어느 날 보니 당근! 하고 알림이 오고 있었더군요.. 사무실이어서 꽤나 민망했더랬습니다 업데이트 시 알림음 설정은 그대로 유지되면 좋겠어요 늘 잘 사용 중입니다
140,임호성,2,2020년 11월 20일,앱 개발 취지는 좋으나 오류가 너무 심함 내 게시글이 타인에게 뜨지도않고 공유를 하여도 숨긴게시물이라 표기됨 숨기기능이 되어 있지않는데도 그럼.. 혹시나해서 여러번 다시올리거나 앱을 재설치하여도 이문제는 고쳐지지 않음 ... 처음엔 안그러더니 왜그런지 ... 아무튼 잘썼습니다 이만 다른앱을 이용해야할듯 합니다 저같은 한사람때문에 소수적인 오류를 고쳐주지도 않을것같고..
141,Google 사용자,5,2020년 3월 10일,안녕하세요! 항상 잘 쓰고 있고 매우 유용한 앱이라고 항상 생각합니다 이렇게 좋은 앱 만들어주셔서 정말 감사하구요! 20.03.10 정말 애용하는 최고의 어플인데 이번 업뎃으로 인해 맨밑의(가장 오래된) 판매품목을 끌어올리기 하였을 시 맨 위로 올라가는 이 기능 너무 불편합니다 !! 위에 많은 분들께서도 언급해주셨지만 저와같이 판매품목이 많은 사용자는 스크롤을 한참 내려야하기 때문에 스트레스받고 너무 힘드네요.. 많은 분들이 오래 사용하실 차세대 중고앱을 이끌 당근마켓으로써 이 기능만큼은 원래대로 끌어올리기해도 맨밑에 가만히 유지되는 걸로 돌려주셨으면 좋겠어요!! 감사합니다!
142,삐빠코이pipacoi (텅빈거리에서),3,2021년 2월 28일,"안녕하세요 평소에 스마트폰이나 태블릿을 무선키보드로 이용해서 타자를 많이 치는 편인데 당근마켓앱은 블루투스 키보드로 타이핑 시 안쳐지는 현상이 발생합니다. 검색내용에 블루투스 키보드로 ""당근""이라고 검색할려고 하면 ㄷ만 치면 입력이 안되는 현상이 있어 일일히 손으로 타자를 쳐야해서 많이 불편하네요 안드로이드이고 다수 핸드폰에서 동일 현상이 있음을 확인했습니다. 다음 업데이트 때 개선요청 드립니다."
143,dew,4,2021년 2월 17일,+그러니까 검색했을 때 기본값을 사용자 입맛대로 바꿀 수 있게 해달라는 요청입니다. 지금 바로 검색 시 기본값은 '정확순' 인데 저는 '최신순' 이 기본값이었으면 해요. 원하는 매물 있어서 계속 검색하는데 똑같은 매물만 계속 상위권에 랭크돼요. 검색할 때마다 번거롭게 최신순으로 검색해야 합니다. 알림도 제대로 안 와서 일일히 다 검색해야 하는데... + 대화시 에러현상이 빈번하게 발생합니다 + 알림이 제대로 오지않습니다
144,지케이도산서원,2,2022년 1월 25일,"점수(온도) 어렵게 올려놓으면, 거래안하면 너무 빨리 떨어뜨립니다. 개인이 무슨 물건을 수년,수십년 그리 많이 거래 할게 있겠습니까. 점수 쉽게 내리지 마세요. 그리고, 당근그지도 있고 물건 수거나 주워다 파는 사람도 많은 것 같습니다. 이런 사람들 온도 올리기 편한 구조 같습니다."
145,김에스더,4,2021년 4월 10일,이때까지 당근 어플 너무 잘 사용하고 있습니다. 근데 문제가 두개 있습니다. 꼭 봐주세요ㅠㅠ 끌어올리기 기능이 지난주부터 안돼요. 끌올하기 누르면 팅겨서 나가집니다.. 어플 지웠다 깔아봐도 계속 그래요ㅠㅠ 그리고 비즈프로필 관리 눌러도 팅겨요...며칠째 끌올 못하고 있는데 해결해주세요!ㅜㅜ
146,황인우,1,2021년 1월 6일,"답할 필요 없는 채팅 알림 안읽고 내버려두면 알림 다시오는거 아주아주 짜증나요 ========= ""읽지 않은 중요 알림 1개가 있습니다"" 라는 알림 끄는 기능 만들어달라는 얘기였습니다. 별로 어려운 기능도 아닌데 아무 내용도 없는거 굳이 켜서 다시 읽게 만드는게 사용상 불편합니다. 일시적으로는 저 기능을 이용해서 앱에 돌아오게 만들고 체류시간을 길게 만들진 몰라도 이용자 스트레스가 증가하면 결국 떠나게 돼 있습니다. 중고나라가 어쩌다 망했는지 생각해보시길"
147,점쟝,3,2021년 2월 3일,"기종: V30, 아이폰 7 (두 기종 다 같은 문제 발견) 최근 업데이트 후 검색을 하면 같은 화면만 새로고침 되네요... 재설치를 해도, 용량정리를 해도, 핸드폰을 껐다 켜도 이러네요. 스크롤을 내려도 자꾸 같은 물건만 나오니까 답답하고, 앱의 기능을 모두 사용할 수 없네요. 수정해주시면 감사하겠습니다."
148,땡땡,4,2022년 1월 25일,당근마켓 정말 잘 사용하고있습니다! 다만 아쉬운점은 메세지가 왔을때 알람이 울릴때도 있고 안울릴때도 있다는것입니다.. 알람설정도 어플&휴대폰설정 모두 켜놓았는데 그렇습니다.. 계속 안울리는것도 아니고 알람이 울릴때도 있고 안울릴때도 있는데ㅠ 이유를 모르겠네요..이것이 가장 불편합니다ㅠ
149,민영,4,2020년 12월 30일,"잘 사용하고 있습니다~ 가습기라는 물품을 검색했을때 최신순, 정확순으로 정렬할 수 있던데 가격부분에서 내림순, 높은순같은 정렬메뉴도 추가해주었으면 좋겠습니다~ 그리고 물품을 검색했을 때 총 몇개의 물품의 검색되었는지도 나타났으면 좋겠습니다 하염없이 스크롤내리다보니 가격비교면에서 힘든점이 있습니다 좋은 앱 감사합니다~"
150,yj h,1,2021년 5월 22일,"번개장터,당근마켓 둘다 사용중이고, 앱을 비교하면 번개장터가 안전페이사용,택배사이용 등 여러가지 측면에서 훨씬 더 이용하기가 편합니다. 당근마켓 최악의 단점은 내주변 내근처만 구매+판매+톡&문자 주고받을수가 있고 지역제한이 있어서 상당히 불편합니다! 또한 지역제한을 벗어나고자 개인폰번 게시(공개)를 해야만 하는 취약점이 있습니다.당근앱으로는 택배사 이용접수도 안되고 그렇네요.ㅠㅡㅠ"
151,MJ S74,4,2021년 2월 7일,필요한 물품 저렴하고 합리적인 가격으로 득템할 수 있어 무척 좋습니다!! 다만 요즘 들어서 상단에서 보았던 상품들이 스크롤을 내려가도 계속 반복적으로 나오고 있네요. 업데이트 후 원래 반복해서 나오는 건가요? 전에 몇 개 상품 페이지에 보여주고 스크롤 끝이 보였는데 이상하네요 ㅎㅎ
152,천사,1,2021년 12월 13일,"운영자님 확실치 않지만 직접 거리인증 안해도 전국적으로 채팅걸수 있는버그가 있는것 같습니다. 제가 그 물건을 관찰해본 결과예요. 당근 고객센터에 문의 넣었는데 이상한 소리만 하시니... 그분은 예약중 거래완료여도 채팅을 거시고 (원래 예약중이거나 거래완료이면 채팅 못걸음...) 그리고 관심1번 누르고 그다음에 바로 채팅거는게 똑같은 수법인지라... (그 물건 나올때마다 계속 유심히 봤는데,역시나 수법이 똑같네요~^^) 그래서 그런데 이사람들 한두명 아닐것 같으니 버그가 있는지 조사하고 막아야 되지 않을까요? 아니면 당근에 버그가 아니여도 오류가 있다고 생각합니다."
153,DY K,5,2022년 3월 21일,"개발자님, 당근마켓을 잘 쓰고있는 이용자입니다ㅎㅎ 하나 건의사항이 있는데요! 거래를 활발히 하다보면 채팅이 여러개가 쌓입니다. 그런데 채팅목록 삭제는 하나씩만 가능하더라구요! 선택삭제로 바꾸어서 원하는 만큼의 여러채팅을 한 번에 삭제하거나, 전체 삭제가 가능하도록 만드는게 어떨까요?? 몇 년전 것 까지 같이 삭제하는데 30분이 넘게 걸리네요ㅠㅠ 편의를 위해 선택삭제기능을 추가해주셨음 합니다!!"
154,박서진,5,2021년 5월 25일,다 좋습니당 근데 두 개의 기기에서 사용하지 못하는게 좀 아쉽네요 ㅠㅠ 태블릿과 스마트폰 두대에서 동시에 로그인이 가능하면 더 편할 것 같은데 한 기기에서 로그인하면 다른 한 곳에서 로그아웃되더라구요 ㅠㅠ 건의한번 해봅니당..! +아 그리고 우리동네에서만 거래됐으면 좋겠어요 ㅎㅎ 전국적으로 하면 너무 중구난방에 다가 당근만의 특점이 사라질 것 같아요
155,Google 사용자,5,2019년 6월 19일,"=장점= 1.전국단위가 아닌 지역단위라 택비를 절약할 수 있다. 2.판매자, 구매자 평가가 있기 때문에 대부분 매너& 안심 거래가 가능하다. 3. 채팅으로 거래하기가 편리하다. 해당 상품에 대한 사진이 있는 채팅방에서 거래를 할수있어 여러가지 거래를 하고 있어도 헷갈리지 않는다. 4. 관심물건이 가격을 수정할때 알림이 와서 좋다. 5. 끌어올리기 제한이 있어 같은 글들이 도배되어있지 않아서 어플이 깔끔하다. 6. 내 물건 끌어올리기나 가격수정이 쉽고 알림을 해주어서 편리하다. =보완할 점= 1. 관심키워드 알림설정을 해놓았을때 알림이 안오는 경우가 있다. 키워드 앞뒤로 다른 글자나 띄워쓰기가 있을 때 그런 것 같다. 2. 알림이 와서 터치했을때 바로 그 물건의 판매글로 가지 않고 바로 앞전에 보고 있었던 화면이 나온다. 바로 알림글로 이동이 되면 좋겠다. 3. 한번보면 계속 보고 있게 되고 수시로 들어오게 된다.^^;; *한마디로 훌륭한 앱입니다!^^"
156,조성수,5,2020년 5월 18일,좋아요 가까운 동네위주로 뜨니까 쉽게 직거래할수있어서 좀 안심이되고 원하는 카테고리별로 나눠볼수있어서 간단하고 좋습니다. 조금아쉬운점은 동네인증을 꼭 현재위치로 해야되는 번거로움은 있지만 단점보단 장점이 더 많은거같아서 앞으로도 자주 애용할것같습니다!
157,호에에에에,4,2021년 1월 25일,당근마켓 유용히 잘쓰고있습니당!! 근데 불편한 부분이 메세지를 보내면 자신이 보낸 메세지를 삭제할수있는 기능이 있으면 좋겠어요! 잘못보내거나 개인정보등을 악용할수 있는경우가 있다고 생각해요ㅠㅠ 물론 한 3분정도 안으로 보낸 메시지로 정하던지요!! (카톡처럼요ㅠㅠ) 잘쓰고 있고 좋은 앱 만들어주셔서 감사합니당
158,Park지은,4,2020년 10월 5일,대화창 상품명 오른쪽에 거래후기버튼이 사라졌어요. 그리고 네트워크연결안됨이나 연결중이라고 빨간글씨로 자주 떠요. 요즘들어 거의 그래요. 그리고 쳇팅창에 미확인 붉은점이 그대로 남아 있는건 왜인가요. 한참 쳇팅중에도 점이있어서 읽은건지 안읽은 건지 분간이 안되요. 오류인가요? 좀고쳐주세요.
159,Jonghoon PARK,4,2021년 8월 23일,"잘 쓰고 있고 좋아요~! 다만 한가지 기능이 생기면 참 좋겠는게 관심 목록에 추가한 물품들을 분류별로 스스로 만들어 나눠 볼 수 있게 만들어주시면 참 좋을것 같아요~ 예를 들자면 신발류, 가전류, 도서류 이런식으로요ㅜ 여러가지 담아놓고 같은 종류 물건 비교해 보려하면 여러번 왔다갔다해야되는 번거로움이 있어서요ㅜ"
