title[i],content[i],link[i]
title[i],content[i],link[i]
title[i],content[i],link[i]
title[i],content[i],link[i]
title[i],content[i],link[i]
title[i],content[i],link[i]
title[i],content[i],link[i]
title[i],content[i],link[i]
title[i],content[i],link[i]
title[i],content[i],link[i]
title[i],content[i],link[i]
title[i],content[i],link[i]
title[i],content[i],link[i]
title[i],content[i],link[i]
title[i],content[i],link[i]
title[i],content[i],link[i]
title[i],content[i],link[i]
title[i],content[i],link[i]
title[i],content[i],link[i]
title[i],content[i],link[i]
